"","V1","V2","V3","V4","V5","V6","V7","V8","V9","V10","V11","V12","V13","V14","V15","V16","V17","V18","V19","V20","V21","V22","V23","V24","V25","V26","V27","V28","V29","V30","V31","V32","V33","V34","V35","V36","V37","V38","V39","V40","V41","V42","V43","V44","V45","V46","V47","V48","V49","V50","V51","V52","V53","V54","V55","V56","V57","V58","V59","V60","V61","V62","V63","V64"
"1",0.213580698827145,0.213508961136808,0.213335813203508,0.21321260734243,0.214929373515303,0.215186192681729,0.2144656896443,0.215091354124351,0.21454933747091,0.214405014150056,0.215991053810985,0.216114540965447,0.217594362219247,0.224926967269095,0.23957783989423,0.242724785726393,0.243482222902722,0.243305439181455,0.245855692983159,0.242592777641652,0.237052128282584,0.236549875108255,0.241117778456332,0.243702215051739,0.240617619212658,0.244407585528911,0.242688068975904,0.239515260999417,0.240046460510492,0.238919623589267,0.240190582300731,0.237464715246687,0.240338491160982,0.237975423077636,0.236155378442388,0.236908460421452,0.237259173670669,0.23622908918653,0.238466044691228,0.237716508348702,0.241835626574002,0.243592456260044,0.244348929574373,0.244594032692838,0.247050688503187,0.246715612042556,0.242048765693856,0.238476196173757,0.240533691416809,0.241258653901801,0.239721507372069,0.226271746032123,0.217550853978929,0.217255137197782,0.216357149710972,0.216764739357887,0.21494027209825,0.214748181789055,0.215409019793142,0.213551542408206,0.213004004879973,0.213237808842494,0.21305932141505,0.213089641224629
"2",0.212330068086053,0.212838741482598,0.21389016478441,0.214042494797348,0.214514917430928,0.21403015518604,0.214752404964172,0.215194985938893,0.214766355947087,0.216509409501211,0.214365761514962,0.220890671123434,0.233567888562924,0.242050186274351,0.240345655740511,0.239570566979777,0.241538681815235,0.241569100792396,0.236518155128907,0.23708440879502,0.240002010110026,0.243810899540617,0.243414494193116,0.242636431454289,0.244488657920446,0.238891957365935,0.238660084099614,0.238091483813281,0.236871190663133,0.23842691683676,0.238931586693815,0.240787730376445,0.239482284286885,0.24061612933402,0.242153412869023,0.242175274287422,0.240754489908426,0.239928658285342,0.237344053386852,0.23816465985515,0.236726360684243,0.240124522846662,0.240629600368027,0.242369271211135,0.243345155918968,0.241890612673327,0.246427941026019,0.242893016247509,0.23841213060679,0.236665409910857,0.238628723949341,0.243059810624088,0.233921134854275,0.218083442262356,0.215136754299943,0.215715289287978,0.214724944191171,0.214293347600958,0.213955906947477,0.214405490894194,0.214417914087852,0.214781142328435,0.213975463978612,0.213844938473151
"3",0.213227437186229,0.213356675951375,0.214119962573889,0.21401480082235,0.215776037856529,0.214769050840798,0.215229857710898,0.2146043904202,0.215435600539699,0.215225307745375,0.22669371111974,0.236575790942321,0.238691464295656,0.235402152780033,0.242587894855542,0.242474276764506,0.241380575387612,0.240609584970821,0.242131743805731,0.242233315195028,0.244966508126679,0.244692070823321,0.245573199537477,0.243191012601551,0.238488522853973,0.23600077463557,0.235908265234121,0.23550558773067,0.236806717827355,0.236447855870317,0.238604332578551,0.238732492217789,0.241418864940169,0.241789186424046,0.239100969647728,0.239249772330399,0.239123209849659,0.236842735597845,0.235888796053141,0.235013256014653,0.237493568555144,0.237772958225834,0.237142398176402,0.240023160079829,0.242136317442681,0.243260482046341,0.241189028526707,0.24402756140596,0.245543137808436,0.241274090708631,0.236729259799312,0.233253174501608,0.242140546501873,0.237903275215803,0.221022011680567,0.215223520719476,0.214961824955941,0.213767122583522,0.213899922667668,0.214009459759619,0.212576608635905,0.212797264452482,0.211960358643046,0.212559830091592
"4",0.213564407958224,0.21409747448964,0.214598073994311,0.214467697292429,0.215449555631529,0.21556567884226,0.2166979678473,0.216303369900822,0.216391703649033,0.230225874533337,0.235835777141766,0.237759258377923,0.238813649787853,0.245235473820423,0.24480001951202,0.24284913109683,0.24218807324202,0.242483285434711,0.242362960992873,0.245108428155727,0.245000687372677,0.244709168012758,0.245906046446881,0.243162588750648,0.240419258895225,0.242308353033981,0.240016551058851,0.240959491738393,0.239589560710993,0.238072238173574,0.240365970104263,0.238032251381906,0.237055154611278,0.236209467794293,0.236042490081545,0.235822339639817,0.237595739750558,0.238651405742625,0.240807493607122,0.234807450025426,0.235983221816712,0.237852359809766,0.233765282861634,0.234020086793157,0.23659195739695,0.237455817037187,0.239874888997579,0.238485484730655,0.240694431898064,0.240412170026243,0.241070632458302,0.238669603460614,0.235070109844827,0.236162607008546,0.24045627726617,0.223888196388432,0.214650074827883,0.213917062064798,0.213011144963984,0.214040938970764,0.212885676679829,0.212416717328897,0.212973547135423,0.212963217525824
"5",0.213388617332239,0.213423358146598,0.21358368175325,0.214508245484104,0.215404653252504,0.215298797909963,0.21458743034256,0.21786174855243,0.233818420964158,0.23438776919119,0.236327636090504,0.238911607010343,0.245359110899379,0.242064222357805,0.238684236242281,0.240146229690802,0.243538419054964,0.240032008048273,0.242899329411281,0.24275518840537,0.243777150968555,0.239395032787611,0.237100363930983,0.238854635989685,0.238536313781371,0.239503591925542,0.240797661295354,0.242917543038388,0.242017111228942,0.242506175312285,0.241511653581558,0.238285479074361,0.240318854229716,0.23920322373015,0.239056579691785,0.236606416895746,0.234460393014667,0.23138664227713,0.233487465197099,0.23826359220339,0.233522921233993,0.236877616260306,0.236955799502188,0.234277609261301,0.232803320526826,0.234753808983308,0.236394244806132,0.2383926779625,0.238223922574506,0.238777632281959,0.238600146421448,0.238718362688027,0.236917381496323,0.233822702094573,0.234240306184292,0.237211224573682,0.226128578749595,0.213328039415603,0.2130107817796,0.212283810237726,0.212548217327527,0.212587180523781,0.212462553459416,0.21239493008051
"6",0.213111912548863,0.21386187752794,0.214323084013248,0.21469943216552,0.215328505403527,0.215033844979002,0.2192290269331,0.230983607518,0.234037332095639,0.237602970652169,0.238428657620688,0.241611329983923,0.240362152529984,0.237180973550846,0.238816720549357,0.23743166454239,0.234516086880784,0.239388354490468,0.238105151586066,0.238008135568693,0.238270469598954,0.236114892761766,0.242702830506167,0.240974006730912,0.241300517235127,0.239873548028927,0.236003721211905,0.237555657288618,0.234509005996438,0.23744449170528,0.23653952896277,0.237535986841546,0.236572365738762,0.235208626885692,0.238590216406957,0.236109559346137,0.241075665938519,0.238199634832697,0.236136259995369,0.235048313120184,0.238482559177799,0.23817603928459,0.237187850335413,0.236590229487585,0.2322213333172,0.231578034454227,0.23437874510194,0.234309267848484,0.236819544398416,0.238041789151479,0.238998966359108,0.238526594828135,0.238917352345447,0.236906043222832,0.234268116169061,0.233720835261854,0.237630151519092,0.226273364153285,0.21456948285365,0.213371931370553,0.213629146085853,0.212324772700398,0.213041557196161,0.213040513137695
"7",0.212647198461042,0.213291851940844,0.213881766458873,0.213658298890885,0.215193382714074,0.218147440683431,0.233051323658469,0.236989317501849,0.236310496199106,0.239137683121379,0.238627081452814,0.237875976122264,0.234028308591938,0.234470939013565,0.235986422908674,0.234241721573383,0.239395995748318,0.23868563603487,0.2385271350082,0.240612481426579,0.237470301936097,0.240665395902963,0.240118668086285,0.240564164355561,0.237322196716775,0.23683236490033,0.236601531766799,0.236065680607939,0.237806388711123,0.237619949592419,0.240088091834944,0.241520626436411,0.242762035443843,0.243428515823501,0.240625266275336,0.239734559490226,0.237349830745232,0.23973680518188,0.238440819240002,0.235186084405906,0.235714723877291,0.23839512326524,0.234037104400539,0.234060509622311,0.234368190167485,0.230803970155045,0.229275455701083,0.231391543664207,0.233746884819562,0.233633170032136,0.234552629378669,0.233414003372342,0.236781790994089,0.235896716315265,0.232875947748596,0.232437091668694,0.233440277874679,0.236823987757043,0.225442167481357,0.212284441358187,0.212414921288832,0.211856979591011,0.212089403721445,0.211465326195976
"8",0.212472441508984,0.212334816796541,0.213161665962887,0.213861357643868,0.216716774114969,0.232675367043879,0.23682446047453,0.234875734073262,0.23846039676139,0.233385678895686,0.232928320057998,0.22826687000406,0.232547996699806,0.236621755950104,0.235368668748549,0.23540214358127,0.238387133521236,0.23710872881186,0.238732838724039,0.238000313289708,0.239495845343708,0.238308518246183,0.238562463964045,0.240427934007214,0.241635539244904,0.242067727727958,0.243257174369406,0.243042798406193,0.245300391865971,0.246116967260505,0.243835329641428,0.239359603929878,0.239436612296904,0.238440337855555,0.239427004732593,0.238911676663401,0.241393522366984,0.242228819847334,0.245922539973036,0.246389169970378,0.243758349563398,0.24337806947376,0.239778320461466,0.238011032510072,0.235786602516776,0.234888885286987,0.232500077342358,0.233712903234634,0.233107142533022,0.235442407023561,0.235713717267814,0.233904361494175,0.232706578780642,0.234360293700746,0.236173445252984,0.232865526928388,0.232945645228596,0.233922196758881,0.234833541237573,0.225309117700698,0.213236688253318,0.211686903352454,0.212040667870162,0.212394550741948
"9",0.211602918239458,0.212290399440269,0.212839498950442,0.212705527005811,0.230445394677353,0.234382415283862,0.235089414266763,0.236424206823775,0.231130591745354,0.228919001415347,0.2291047914292,0.229106585475871,0.232135071715237,0.234709925461339,0.233052138371434,0.23783802426227,0.236770431127913,0.238018301688737,0.237282987108907,0.234234098948787,0.236114761316634,0.237611656082344,0.240585711007533,0.244291781999932,0.243665220904232,0.243787386766395,0.24652038947209,0.247144095094864,0.245492499383284,0.241371417017739,0.242289597781523,0.241402623971949,0.237429918395982,0.236784727186259,0.237532156574653,0.239503546811979,0.23725561082596,0.240602188538757,0.240932523220428,0.248286479504603,0.251712952822751,0.25288067898102,0.252083720763325,0.243706278302235,0.238941916526356,0.237600728403313,0.234307024327361,0.232632141632587,0.234736634208934,0.233429724646777,0.237109699757939,0.239281090065264,0.235344394625911,0.233377908189053,0.230748191876951,0.232262557360148,0.229572403046873,0.233824694183449,0.237027249252055,0.231358043459119,0.222110014759443,0.213545422950897,0.212128523611128,0.212113554074881
"10",0.211818822509694,0.211669101427698,0.211242080708157,0.227044647708994,0.234066754277861,0.237071752624703,0.234443907586437,0.230514537127799,0.226938040260178,0.228714369639943,0.225760180271882,0.231140991591889,0.23448327689649,0.232829603889851,0.234834299513447,0.236689033857271,0.238964077751183,0.23654108373262,0.234654795221749,0.239369826449835,0.24348474524015,0.247136095918033,0.248999444007915,0.24912659541483,0.246045785355317,0.246205527261336,0.241238525395529,0.238562036333061,0.237709887291868,0.237649562290171,0.23569735096212,0.236978326947977,0.237768378262354,0.237322320159097,0.236056261281757,0.240932407654079,0.241532168948067,0.242626811131022,0.244804298490975,0.245602167040608,0.249489642431665,0.253741309472428,0.255186292219188,0.254483705973161,0.248854105274708,0.24334387159006,0.238990114622838,0.236324543206052,0.234550820526302,0.238642104010074,0.235967268451931,0.238698505487079,0.236765047449743,0.235018345346669,0.233603842964255,0.232961025600025,0.229631121362212,0.229105259862079,0.235285570441362,0.236855430472734,0.231738645622093,0.219161421779293,0.212043199845342,0.212582238254054
"11",0.210670126693396,0.211486968730872,0.219417179521582,0.234962983659938,0.237560126300443,0.232034998096076,0.231923981609421,0.227555101307877,0.227359309408689,0.224990829843063,0.226880392938863,0.232175377535284,0.233996543954681,0.23479601535358,0.240105273916008,0.243925450314883,0.240469323100605,0.240047157562441,0.245146099805062,0.250665632906155,0.250263160295603,0.248882095519578,0.251253420830773,0.251130914057655,0.249163344514712,0.242666617922239,0.242867187966772,0.240388234769913,0.239898463172448,0.236842211900369,0.236666241358653,0.235056194734382,0.236667565170982,0.235317565924377,0.239163590692417,0.237721253316083,0.242872997757058,0.244763724558408,0.244281572209665,0.24578759827923,0.247254312773718,0.253109923070971,0.251467124250323,0.254443739333277,0.25020300949376,0.245075737345459,0.240619515720715,0.236930412622029,0.233849170068638,0.234769255179516,0.238689494478977,0.239264362112298,0.240001170992666,0.234895040154903,0.234142104677635,0.231354658867779,0.229963186920818,0.227381257118771,0.228096399757124,0.233950716230483,0.232794529592428,0.230728470362987,0.213570607212225,0.212160091849885
"12",0.210986215150821,0.213226036400966,0.234081042714989,0.23544647709161,0.235252546444596,0.230254902665038,0.231886709501317,0.226704476581994,0.22635523064034,0.224909849064084,0.2313952329912,0.23713693564774,0.236878786811545,0.241264552949735,0.246225444573557,0.24405401307527,0.240801827076849,0.246494678093157,0.247648423973575,0.246224316694873,0.244195984158741,0.247296369813034,0.248115801692359,0.247623838610743,0.243808107319687,0.242063894448497,0.240398116577926,0.238985024729428,0.236057094874636,0.234723121443583,0.233152913366029,0.23446575666486,0.234166191653197,0.238026073569331,0.238872922385406,0.23860880459339,0.239546564490494,0.239921649403138,0.242079582561019,0.24372608296771,0.24402367951033,0.248386702893047,0.250239412062655,0.247628361675529,0.253927672768921,0.248006372938769,0.24368418621922,0.239168042720522,0.233572187158051,0.231619405222423,0.234614910267552,0.235119248358289,0.236267517618171,0.23519147187747,0.23407183087372,0.233709794640713,0.231811373288046,0.226273453571121,0.226994219334366,0.229507000479398,0.233111014994002,0.231184953164734,0.225823384241185,0.211459591685215
"13",0.210903002567684,0.229110373661866,0.233928343650218,0.238250148938409,0.229866756613505,0.231441455353623,0.228784483955404,0.224781992875597,0.226779547191776,0.230822412411188,0.23535898395047,0.237315668758342,0.239859793130517,0.245239735647703,0.243128118878381,0.241516113089134,0.246066910973362,0.245877168061517,0.243105152529003,0.243589123915429,0.247275445542946,0.246840228454578,0.243476101861765,0.244547087413539,0.235692395219629,0.235680006939383,0.235742990553515,0.232889218804192,0.231324608736052,0.231343178836707,0.231945637173869,0.230312240525651,0.231115027221576,0.230312345187374,0.227957482613125,0.228857247264686,0.227284861019251,0.228391190695176,0.234948558248674,0.238995847998579,0.240982074484124,0.244342647819428,0.245888469428268,0.245468635455796,0.24780118378432,0.249620399711841,0.244831835032872,0.24269962329622,0.238708909383767,0.229724586923598,0.231285723129129,0.233894914127081,0.238088493046813,0.232850680698437,0.230971196653517,0.232502011529258,0.232036176447488,0.229418121420089,0.226280306907939,0.224136171301196,0.230649110937192,0.231721704102985,0.232134388317052,0.218988882669252
"14",0.216544694750844,0.233379306607898,0.237401401680421,0.23262093331726,0.228852892117267,0.230970536358721,0.229041927913237,0.228859945443697,0.229722450771197,0.232314439702888,0.235735581887103,0.236320961290406,0.242483471225415,0.241855270022026,0.242622538883121,0.243792049679526,0.243489816561484,0.240096248825882,0.239691911912271,0.238786656946806,0.238107077445002,0.23464625617388,0.238755401958997,0.23286819797516,0.230642431320765,0.228835721322307,0.224448401151211,0.226286908829747,0.227194168314989,0.23187741215134,0.230330467744029,0.23310456515948,0.229933740091508,0.227908878248164,0.231428887046466,0.228018881698801,0.229571093091121,0.225940716937602,0.224256667636671,0.226247948906012,0.233437026952109,0.236881308847653,0.24104731034105,0.244159630349929,0.243933342393713,0.246377527593956,0.244681985050208,0.244318627899934,0.242169201522413,0.239566249884332,0.233113658261867,0.231647571678232,0.233564285165825,0.236590400261699,0.229286985067989,0.231746577707389,0.229570702139144,0.228755650779872,0.230002167990882,0.22600977225569,0.225096951524012,0.229452124668927,0.230571196417632,0.229312503527597
"15",0.231798658592351,0.238128988700904,0.233292748041392,0.229134005991568,0.230352399129477,0.231308431000816,0.230761451584235,0.228346542696524,0.231927179179075,0.232624275906338,0.236725638112698,0.237754876545461,0.242607159936243,0.241670281954213,0.244333167420962,0.237110768391465,0.238139215067676,0.235929923908729,0.236180505903857,0.238428784808482,0.240000079917371,0.239399317145574,0.234960321930586,0.230299645639044,0.229314775805056,0.22646368352816,0.227222795967234,0.228312899134297,0.229471646001373,0.228074554109544,0.23369017396056,0.232199904363771,0.233680994608781,0.233040030627354,0.230145255896178,0.232563021190424,0.230877673510973,0.23474174567214,0.229323444617391,0.229438686921347,0.228547059743689,0.231190569632851,0.232228255707236,0.234456401565899,0.236666665929028,0.238270122552251,0.238058197858254,0.23739688796023,0.236836576084267,0.235435850702389,0.237455725445984,0.234585964859835,0.23123847167897,0.235922639542517,0.231835227744302,0.230727282054904,0.228634122375012,0.227762725275234,0.228791134191663,0.22825046271981,0.224866825571337,0.225425465732188,0.230067130477932,0.231243608136429
"16",0.231687166363355,0.238948386404803,0.227203998730941,0.229942011681169,0.232169363421547,0.232443629942945,0.228534447311935,0.22852428395909,0.230890227053917,0.232638046216713,0.23310294428665,0.235547645980074,0.240292463114943,0.240625304595413,0.237926684672331,0.237725515850848,0.238857940847826,0.237758610896897,0.236610570706395,0.240237474127379,0.23507863805844,0.227511451260525,0.226228467846196,0.230333894329518,0.227452067818206,0.225958265273869,0.225102377254978,0.225468592387896,0.226107368718913,0.228753573880059,0.224405950266037,0.226569315713054,0.228854304485038,0.231406443775179,0.229484457294808,0.228529271825556,0.226782547035653,0.229130829427472,0.231128895957588,0.230409184120373,0.232432789722118,0.235701141939402,0.231331246929968,0.234402666285102,0.234104001468561,0.238345413445468,0.240176796421179,0.239016817352866,0.239286372984533,0.235052581169294,0.234971126221106,0.238349676215325,0.230542028032094,0.232461736828955,0.233883813910037,0.231208165918942,0.231810915436365,0.226742382036642,0.226991123406631,0.229128784697738,0.226548532768482,0.22544621326029,0.224349675222647,0.232538487780322
"17",0.236796071784514,0.231282572477832,0.225345275544779,0.230849345031633,0.231621506010102,0.232028922115938,0.226531221927202,0.227166601303261,0.228625377901064,0.227958847407249,0.231279822436587,0.237667402920852,0.240991180079875,0.240868269773123,0.23776092634292,0.239019126911487,0.237170892562223,0.23305903773581,0.233190070209875,0.23170396323721,0.22282689889579,0.22785833816018,0.228849365989933,0.231473181359159,0.228677096601611,0.227300753776654,0.229771787079594,0.227651573552639,0.226663699292283,0.222480286501377,0.22053812956195,0.220965511472518,0.219592599629215,0.223181303766458,0.225809993445916,0.226833073724022,0.226130369965895,0.224768036562732,0.229467647436302,0.229546473462127,0.232486851244981,0.235311255823828,0.233063722381247,0.234067546657174,0.232240028201305,0.235167111668387,0.236382629048002,0.237927368882311,0.237511240425681,0.235236156951345,0.233746910251995,0.239239762742757,0.237058361510172,0.230031581660296,0.2329755151623,0.231168932832616,0.233312004091751,0.229394285289913,0.228673007060195,0.227417672652342,0.227884816496403,0.228214450029923,0.225692415435529,0.227799691838237
"18",0.236664078556486,0.224731271571679,0.229176303666448,0.231978901311719,0.232500724695949,0.229161211498907,0.225944145449675,0.22540123291411,0.226859059376813,0.228709280067039,0.231983531589493,0.241799841830677,0.239982029047628,0.238095388042758,0.233823610247793,0.235737479348853,0.233875884763789,0.231493843977363,0.228059138975985,0.22447989465403,0.226887364181963,0.226696396894248,0.23006817512515,0.233418198560315,0.227801821676293,0.22749285797168,0.225905803694809,0.226092477759805,0.222868466866564,0.219904783458007,0.219609320349261,0.214858821633164,0.216472155646086,0.215011956962036,0.21966433664342,0.225700482286658,0.227275750496149,0.22496005817353,0.223968404786685,0.228725063567466,0.229062714914788,0.233008522632728,0.234047500154757,0.233629408587394,0.2327670969491,0.22905690887752,0.233426519954893,0.236824433799322,0.236921733216015,0.236084286186836,0.233210973350051,0.235444714842424,0.239214527321309,0.233704040802703,0.229324880427826,0.228950467234929,0.230361903456094,0.22975495246887,0.228168155798734,0.230008158202049,0.225078604111586,0.225522382540393,0.22776859526093,0.225627176179702
"19",0.23237622253357,0.224306578502727,0.230945224257159,0.232800319665678,0.230009991506747,0.224294713636728,0.223316440275262,0.226031215141862,0.226308114032787,0.227557071877456,0.235207705908806,0.237889235052998,0.238576672188304,0.236411857181547,0.235026944749096,0.234090596770356,0.229098821111851,0.224807886000068,0.223584004352437,0.225759721656705,0.228251708837348,0.232333317456385,0.235405272397198,0.232322168868097,0.229706657794789,0.22952927838049,0.229560937323772,0.22381579700801,0.219440877082061,0.21634688264403,0.21381866515451,0.215186522344345,0.214218993913531,0.21591485360891,0.21465088520631,0.216808855913392,0.222721689007057,0.226647715354961,0.223277006617007,0.226469794543385,0.232469851812143,0.236269310467293,0.234722049832315,0.233731193546314,0.233151815048605,0.231982036070928,0.228685653688365,0.237685939096969,0.239521903351528,0.233862508165259,0.234707518799605,0.233736365468963,0.235637892358718,0.236881422169865,0.22936386119703,0.229257124073809,0.227787182829943,0.232148030039115,0.228951896203939,0.229071559020974,0.227230339179738,0.226024984110197,0.228747416667068,0.227063783076856
"20",0.228243738653872,0.226050721065214,0.232314972720325,0.229838548838748,0.226817292440726,0.224192467265985,0.223349061547909,0.228281833274573,0.225195463022968,0.228087931118,0.236465566115004,0.23987527439573,0.239059074512658,0.234159012234618,0.231805729777155,0.229862764997709,0.225093417779261,0.221303257621027,0.227237129783941,0.228473809607459,0.232601943299946,0.230419020478244,0.232203691425649,0.228500244553472,0.225971838646457,0.22423566669186,0.219887537559561,0.215487242262957,0.212834021314941,0.213639046992751,0.215513329608061,0.215117062412831,0.21635277780199,0.210715681179519,0.21153024256108,0.211059210354373,0.213497355334406,0.220849748748797,0.224383087944917,0.222173404605221,0.227660679394344,0.234405214410992,0.234281980034761,0.235698489973531,0.232725406546894,0.231019863789809,0.227572104390664,0.226030113708747,0.237532582958235,0.237969998867077,0.235813900425793,0.23511907155046,0.235018836146256,0.235629790048948,0.233765006964418,0.228840278730241,0.228450182093483,0.22709497642939,0.230284401837926,0.227474128258137,0.228633412121025,0.226177956492211,0.224973802338954,0.228501928654551
"21",0.224998507556111,0.22818448504164,0.22934007741416,0.227105269525784,0.22444842394205,0.224429709795878,0.224977934048315,0.22405168359433,0.222342555490098,0.232366816822272,0.238030513862029,0.239171207129171,0.230994391015258,0.230953244610205,0.228040099963555,0.225436891135707,0.221448035528381,0.222189899426566,0.226422173910224,0.226314515575729,0.227870650511554,0.225159254838686,0.224106818910245,0.22103135521171,0.220494366821619,0.216336487893869,0.211477830048107,0.209014998544878,0.207667640672439,0.211971257332551,0.21284924984512,0.213391079058266,0.212358549415555,0.215558291557188,0.212434342778432,0.21109358971287,0.210196985982008,0.213802237910113,0.220909001759481,0.221459111782238,0.222873670451003,0.228862044264999,0.229784520303655,0.234269287099995,0.234281272540992,0.232914577403155,0.232092405601694,0.229896011086722,0.226907963224469,0.23517205470371,0.234376262491088,0.238051516983571,0.236037121993395,0.234053927083988,0.234499691943931,0.228915950856566,0.228643594658906,0.227138867010368,0.228181599424123,0.229283763126086,0.229327508414273,0.227432649108972,0.227629010323181,0.22894964270944
"22",0.227540507847118,0.228359901289802,0.227678246097151,0.22595930692838,0.224756477421972,0.223649926485533,0.224155783610256,0.221237854838809,0.226882234885536,0.235264794956961,0.235425667103787,0.233560317745151,0.232264163395929,0.231401456151043,0.225646201801272,0.222761653846122,0.220380823883541,0.223343228027198,0.22498478184149,0.225123246544574,0.224503187291805,0.225177156351543,0.223136456964712,0.225887313356787,0.224124291995063,0.21804537306089,0.211074794467658,0.208788426609199,0.21062097202792,0.20664042154622,0.201043076826227,0.201579997781765,0.201353084012081,0.205026959310487,0.209769416318669,0.211723852451514,0.21117979732655,0.20922707743751,0.214147137429065,0.225449272940494,0.22463564620999,0.22906079181933,0.227894523292249,0.230055399345026,0.231577731117687,0.230462392762185,0.227592532656305,0.229730309785457,0.227913284865092,0.23454665588821,0.234857424847054,0.234373672478067,0.2377404323336,0.235067734618104,0.233527906664366,0.229607165142183,0.226610023113771,0.22567683441962,0.228396187788797,0.227585265887612,0.226705439286798,0.226532771683675,0.225343159720349,0.228497480503661
"23",0.228473192110387,0.225345987783091,0.225822551020336,0.226435991049489,0.224982267075761,0.223009450759792,0.222927899917069,0.224256370957663,0.228648268150009,0.232902499429625,0.234524726277026,0.234627386393006,0.230682885269788,0.22821980460571,0.220895143016028,0.220710015211219,0.223359555263902,0.224129534001,0.226924749888265,0.226717213140473,0.228857577781547,0.228282796431031,0.225079365960579,0.229368796589928,0.220586468549939,0.209767591444435,0.205433294429825,0.206004402688442,0.202880506716439,0.199354433666588,0.200180869248497,0.198781821496067,0.197157812875618,0.196646562653321,0.198599810451954,0.201288674855374,0.207633734330401,0.210866792457673,0.208457486889015,0.213343440946125,0.220249867714636,0.224600982829699,0.227587689699748,0.227895587364282,0.228583736839154,0.229488484502197,0.229355425398563,0.227229298560749,0.225951084176796,0.225994370489821,0.233014496496756,0.236244891363801,0.238084332482011,0.235721817473726,0.23505180798888,0.231519338602828,0.227653460420873,0.22478959595737,0.226594394259187,0.227511361401985,0.224255316450977,0.228905999534242,0.224879129170429,0.228930222695099
"24",0.226900125628552,0.225867132321492,0.226613236135911,0.22649143245312,0.22555255212386,0.22266611563127,0.226168590784223,0.223414021229377,0.232489697460606,0.235144085574941,0.234901909506871,0.232465041835235,0.229594708048848,0.227376129380097,0.221515964011985,0.225944993517914,0.22614087904444,0.22710189826717,0.230233059326429,0.227569822365872,0.229822445967757,0.228503308361702,0.226479433757549,0.226376853389192,0.210670927143066,0.205172990934943,0.208847299311525,0.20360212090772,0.19824772823407,0.192881265953099,0.188469014533052,0.187325858200456,0.186966716563386,0.186651649724065,0.186776614415423,0.188258847147767,0.194912422660335,0.199332978140014,0.209372800092733,0.210028622751619,0.220031922543755,0.219430961169534,0.21969735099235,0.224828125540698,0.226073380656533,0.223641526088159,0.223170296918373,0.225420216369167,0.225076316938463,0.223123744214032,0.228130673833245,0.231181514468187,0.237109647954647,0.235433683396771,0.233950418768039,0.23047369491923,0.228076445598306,0.223416370828401,0.225357726681035,0.226625923186695,0.225768605988188,0.222622205222289,0.225214826183912,0.225340734342752
"25",0.224672239711431,0.224352613249854,0.2276123077139,0.226401951982514,0.223317639191741,0.22554044166777,0.222106453571251,0.223868756009678,0.233943572006074,0.232660736051219,0.231499490410401,0.231227504925292,0.229946147374059,0.224802713252614,0.220988858737227,0.226306205603935,0.225740166381574,0.226135775430321,0.229055534053121,0.228574369105992,0.227766031263518,0.220322835623018,0.217623372756172,0.218078822075652,0.209145345376577,0.208042754780418,0.199603779317018,0.190629125555254,0.187472117281583,0.189317752483221,0.192952158648413,0.194808885419662,0.195421662704398,0.194943311881718,0.193179289796103,0.189692574117177,0.186341424597197,0.190841776410129,0.198185415406006,0.203751953795812,0.216873364351203,0.226218443173478,0.220172661260411,0.219979699069787,0.223770910479487,0.225400388837082,0.221921700045711,0.222073284971951,0.222536508664306,0.222173130588133,0.224024203041804,0.229298945918757,0.23340478251679,0.234046308563135,0.235426777956993,0.230071407820603,0.228411150114809,0.222388948339871,0.223984493675237,0.226456877430637,0.224164038794167,0.222444138059103,0.223427496238191,0.227445549311738
"26",0.223621485054579,0.224659520710468,0.225581288009454,0.224614358327829,0.225398611793073,0.22258940794382,0.221185738110711,0.229708246132397,0.232449034017167,0.229991133684969,0.231892209205658,0.23009583859337,0.227788970767279,0.220222640164386,0.223639566683736,0.225410993390589,0.225969158835216,0.226792164744063,0.22741510823036,0.223416639037635,0.2207825187132,0.213777176837457,0.218662989220411,0.215825561331736,0.206504764726902,0.199519079158196,0.188638237224756,0.189380968180737,0.195472136806819,0.197988841840154,0.198868170997616,0.199288424388999,0.19940399379589,0.199152099186469,0.19855252256204,0.197363718266098,0.194724083900648,0.187795113571696,0.189790192557765,0.200881196510183,0.205706463680838,0.224022450108219,0.222600070368766,0.223109033422736,0.223724894924984,0.22045116290392,0.222506780243566,0.221478240488593,0.220219796986019,0.219900495483987,0.22096444646054,0.228261167884127,0.233716653129761,0.232934104735144,0.233299526405743,0.234066518280376,0.228874304920789,0.223229251211371,0.222946230895905,0.226602371020482,0.223346238982684,0.224275993507527,0.220472027055556,0.224447151467842
"27",0.222853139678361,0.225161941164632,0.225866940656891,0.226123730810015,0.223623120960111,0.222340599587734,0.224907865530704,0.229143777017404,0.22978611233553,0.230874869336859,0.231752840124677,0.227598453151313,0.225834828326723,0.219096820960731,0.225935711683381,0.224827128870142,0.223606265684856,0.224877910693642,0.224166165647332,0.217284555383541,0.216987983685927,0.216774920061438,0.218086190737885,0.209553165994682,0.203648976246603,0.188867817756339,0.191557233924449,0.197620114875944,0.1995812351897,0.200825434499966,0.201800665135188,0.202242336004978,0.202355276974938,0.202148365252523,0.201552327921511,0.200548578076432,0.198838583441726,0.196607793399928,0.188415551334625,0.192041567362688,0.204537749918768,0.214069134429959,0.21999014955227,0.222985836886124,0.224767603702113,0.222623203747218,0.221044363942991,0.221600942136943,0.219125292940198,0.220062805907791,0.216690901017747,0.223328581628129,0.231215038397709,0.2332253223373,0.232528917158604,0.232885431338178,0.231824623700349,0.223094225153279,0.223175105292656,0.225155142880982,0.225386779063455,0.222104129848366,0.222067377590948,0.223016769069221
"28",0.223739037705159,0.22452117615123,0.226645675416609,0.225856124212058,0.221039931332218,0.226193826545542,0.223044980033458,0.229866975825453,0.228355216240401,0.231098045962784,0.227587827671232,0.224720871168936,0.223149266599887,0.221932790609339,0.223631790706926,0.223609184933547,0.224152200424148,0.223032254187631,0.217340740683268,0.217251757094466,0.217906432527031,0.215499322186195,0.2111956908816,0.212855106077475,0.193638749509187,0.190362481620107,0.198397092115017,0.200652075073895,0.202388087951235,0.203244137281047,0.2037090544359,0.203922671080462,0.203999184729777,0.203806498325506,0.20348937897912,0.202790782978062,0.201793262129344,0.199601395262904,0.19629011964935,0.188691733829917,0.200190843147126,0.21029126212297,0.214382194177361,0.218835189045255,0.225348487482838,0.222643576594149,0.220927938041079,0.2218364119644,0.219510277260374,0.217853427080419,0.217709924740639,0.218522721351841,0.228157124207343,0.231557525412104,0.231811130573518,0.23189808931343,0.23208754818803,0.225439949874309,0.221617211928537,0.226391219564896,0.223339210330859,0.223969252501358,0.223005161821047,0.220550393869342
"29",0.224005466104809,0.224860080021846,0.22594013497009,0.223985844218426,0.22408248480036,0.225444749148307,0.221402898241605,0.229062789916257,0.228287636841357,0.229437383081732,0.223987419454279,0.223651376137923,0.225321406572635,0.221969568568083,0.220781535094074,0.225042745707969,0.22212342959397,0.217763473274943,0.217027728141158,0.217879171106412,0.216107264529711,0.210722973281831,0.209750611065633,0.209558858168962,0.189504051144104,0.197710378404794,0.201008592759647,0.203161625092498,0.203994760482722,0.204831296719641,0.205240905873788,0.205551624627533,0.205543748109518,0.205446173446354,0.205071511200076,0.204483779435358,0.203584349848579,0.202207557130943,0.199870457286057,0.192759459450633,0.193926040485861,0.209010521037729,0.211548937816263,0.214986457575789,0.222387623295096,0.2223242696357,0.219888637640982,0.222508433680489,0.220963911420179,0.216590648447285,0.217008877720217,0.217500830413337,0.223511313286718,0.228646883119164,0.23022340701695,0.231344616969729,0.231362349859786,0.228537686591242,0.221534977372069,0.225344986137547,0.223233525375557,0.223197581180818,0.22172041445027,0.223642967991224
"30",0.224931314267413,0.224776897396338,0.225508063817234,0.223120652379788,0.223940318428125,0.22220853766283,0.223401861310719,0.228551220895955,0.229394016357931,0.224780176522288,0.221377797041102,0.226284666210351,0.222809140083899,0.220739239043302,0.221445045295626,0.222125672303581,0.219939882635828,0.216157183654754,0.216980200037956,0.216008866317512,0.214439747447807,0.208181871392331,0.212510473074637,0.200547129185171,0.192517457771915,0.201194469473061,0.20312945464986,0.204746725568578,0.205535261590549,0.206158885913264,0.206380592449294,0.206588955679991,0.206562688752728,0.206503582288359,0.206190911961534,0.205843565992083,0.205052517000644,0.204019348261181,0.20206308357222,0.198184948705746,0.191737789710705,0.208250890768602,0.20872832028142,0.212290606050603,0.217814535915614,0.222894155755633,0.220134892240606,0.219798213817593,0.220179363727456,0.219205474246273,0.217221768717094,0.214735153198771,0.223064354762964,0.225621886427067,0.227642661845553,0.228806497431141,0.231013092015812,0.227920990988837,0.222437198573323,0.224179224575571,0.224774016961862,0.222207533126324,0.223821162467691,0.221587809898497
"31",0.224141437480222,0.223883063628553,0.223283600468343,0.224589071471387,0.223174932600263,0.223435920503349,0.223012255322295,0.228414478206763,0.224809034637156,0.222702388839941,0.222478637367211,0.224986509930622,0.222825521070134,0.219566392299898,0.22116004901845,0.221736114269392,0.217338367890725,0.21498315878391,0.215653856693148,0.21616738631778,0.211466449777665,0.207246239655794,0.211063029809635,0.19817445570963,0.19748753786209,0.2032160894263,0.204882109927203,0.206039965152567,0.206673524582261,0.207152684268562,0.207461302834395,0.207633642168242,0.207634357693311,0.207565562131903,0.207282372896595,0.206933737641833,0.206236206162416,0.20552227812742,0.203760759257354,0.201452719517975,0.193534290753556,0.205176221138672,0.21027432478583,0.209889092807178,0.214216206495894,0.219468413956659,0.221153928296638,0.220416945146312,0.219758517679799,0.2171052735296,0.218411470057698,0.216173553876488,0.219081436980357,0.223913058238002,0.226391942302487,0.227160813383775,0.230167239393093,0.227314418881574,0.225267305797326,0.222229131413931,0.225330172100316,0.222187916430568,0.222142942430534,0.223003767534534
"32",0.225682145655665,0.223958898131684,0.222251378725293,0.225008617582486,0.221043574400641,0.222510092357146,0.224489288401732,0.228210340791806,0.220638870099047,0.222865113391565,0.221820492280939,0.225627896217722,0.220064390484578,0.219271989217266,0.222308605078784,0.219516039867547,0.214838874885958,0.214707768989496,0.214758502829917,0.215752442788109,0.208895488027366,0.209175011350038,0.207324421262416,0.198822846063889,0.200778360820287,0.204798650839979,0.206206159519738,0.207108921075989,0.207704934161525,0.208074446098017,0.208266022544522,0.208379391213603,0.208383040143871,0.208309882530043,0.208108956971197,0.207832836916813,0.207308949081369,0.206602709546156,0.205303463652995,0.203573591197525,0.196621765228343,0.202395505991209,0.210404458795215,0.208226510409679,0.213281387810705,0.215524949308156,0.221236678471897,0.218374020516246,0.219751260853993,0.217742273495378,0.216845151325021,0.218551701903779,0.217668558877632,0.221905922226173,0.223275651785759,0.225220325977521,0.227747251376892,0.22770376779167,0.223501340694823,0.224398166422531,0.222294366681945,0.225061566072817,0.221699915215785,0.222016983587435
"33",0.224245165052615,0.221257540195119,0.223794722199769,0.223139868615901,0.222400230720384,0.222103476101843,0.225665555454851,0.222418019178604,0.2210031171092,0.221705242440741,0.221886463672922,0.223088086666662,0.21980835719878,0.219286120221857,0.222523072560107,0.217094877149618,0.213848061157991,0.21366533120573,0.214122005295267,0.214551966048013,0.207293883748198,0.208017031695073,0.205806524939221,0.200201500430292,0.203520230179696,0.206201164376777,0.207384583681514,0.208083333649457,0.208541242523739,0.208852156524972,0.209080455580324,0.209182643460477,0.209196594687261,0.209123083169148,0.208944082586436,0.2086573083672,0.208213395777115,0.207653234596681,0.20659167740204,0.205171638951606,0.200004724644681,0.201450531026192,0.209008689876698,0.209077455228842,0.211276948213965,0.213530107048313,0.219210944564787,0.219617920153594,0.218442425196658,0.218229347535832,0.2162641735449,0.219247360399874,0.218366698285919,0.21891098670986,0.222864166512491,0.223438721466234,0.225822394464265,0.225808347769746,0.224371935579193,0.225188684532864,0.22090283804218,0.224881179810966,0.222828394905283,0.221242412060215
"34",0.22240683086996,0.223377733882428,0.222431271527496,0.222273036655839,0.221132508534767,0.223467952294378,0.224030995584484,0.219564704623166,0.221193921589652,0.219972020665344,0.222702109793375,0.221307029266105,0.219494652131537,0.22159735585298,0.221026674706997,0.215438165345365,0.212721336481078,0.214159059723486,0.214007796457566,0.211558252375655,0.208454942027588,0.208694022872989,0.205790119769289,0.201626178290811,0.205868327040754,0.207419168595696,0.208400555207246,0.208919976553508,0.209355716243031,0.209579166015159,0.209728595875982,0.209785240591823,0.209802428028721,0.209724952196635,0.209602837876256,0.209377660559009,0.209052862628368,0.208510007175407,0.207759769031081,0.206621406311529,0.202899449643476,0.201351789576537,0.207816724349835,0.208104654909727,0.210782646910049,0.212424648022351,0.214829758239382,0.219682943005725,0.217840083358386,0.217163781621721,0.216348034397143,0.218235353367043,0.220535743818704,0.21894916030828,0.221179014152267,0.221317834672074,0.223025397428793,0.226054919534261,0.2235863890001,0.224026927633444,0.223135953368932,0.223318448833922,0.222206058959804,0.222901512830685
"35",0.222574219122548,0.220124109179992,0.22476508884803,0.221112336240621,0.2205918200239,0.223767741768959,0.222735953908188,0.220117117434971,0.219073587583243,0.220063259967668,0.220799857501672,0.220778687899499,0.21945689799564,0.221490393750376,0.219177088587697,0.213647402394117,0.212748894807955,0.21312547022771,0.213374486428278,0.210621157942617,0.206688125344844,0.207932178301096,0.205662532828011,0.202436586516321,0.208521254029361,0.208643442825606,0.209428464170387,0.209756999251543,0.210082076968394,0.210251311096123,0.210429641268332,0.210475131616031,0.210501418920019,0.210427952982272,0.210322857041972,0.210095005631846,0.209825009579323,0.20943543771086,0.208835787732314,0.208237973724435,0.205072939865287,0.201840092214644,0.206837509066774,0.207422217760165,0.211508255075547,0.210448001851551,0.214854151206172,0.217068006417384,0.219313541955266,0.217433357358028,0.216741494172765,0.21613893448016,0.219158196409019,0.219534085904281,0.220269870308093,0.220891212756909,0.221287290948223,0.22367947723111,0.223237468322239,0.222977281945812,0.223949324184392,0.220490328831158,0.224725276428263,0.221189595511134
"36",0.22130323361345,0.22307908028447,0.222255545539345,0.220382643209689,0.220162427622462,0.224657955328464,0.218584638559602,0.219645069361549,0.217520871983231,0.220430648186243,0.219697440293404,0.221071574152348,0.219836930841536,0.222067337234217,0.216908651786437,0.214553035384686,0.211685409196986,0.2123808314092,0.212415484830226,0.209915670340548,0.207302226105968,0.207753977453821,0.205421965779335,0.202855800072853,0.210354530106781,0.210167475231873,0.210397935547416,0.210567980566521,0.210831027828686,0.210937336217215,0.211019617361895,0.211042553293636,0.211046605775206,0.21099368759784,0.210909058840901,0.210786615966691,0.210580495799372,0.210305184848385,0.209918284180235,0.210450939922323,0.205928425778468,0.202725153712753,0.206127601780415,0.208111916855648,0.210342463009868,0.211378357329239,0.212650881584133,0.215250736782102,0.218326046415373,0.217655803446848,0.216319513712326,0.217073971926458,0.218020526609701,0.219629456697488,0.219483252000864,0.219505440145757,0.219650655377991,0.223215326192664,0.222730790359242,0.22308803593349,0.224069663991567,0.220916243996622,0.221902908580763,0.222534401160672
"37",0.221926730264661,0.220590352497235,0.222390318750712,0.219758695689214,0.222345001491856,0.219601822283898,0.220979535713989,0.218561756317888,0.217198586933167,0.218926346023521,0.219130769456644,0.22139283450029,0.219918222554682,0.219149315061921,0.217192445414835,0.212796438356154,0.211652273931353,0.213321151529177,0.211121804975584,0.209419056951606,0.207452128769814,0.207533636920154,0.205879325896846,0.202973826708372,0.210251264128635,0.212968737445321,0.211548611354476,0.211560403315775,0.211574188285164,0.211641513187616,0.211716361684465,0.211749717494337,0.211743078211871,0.211720389992473,0.211636864744774,0.211539617022544,0.211382082639632,0.211383839349601,0.211361949617686,0.212706663131801,0.205597930882238,0.203329269465982,0.205817675650078,0.207701294406298,0.209789774544551,0.211670961775197,0.211032396337749,0.215155048961383,0.217450280003475,0.218590682065352,0.216370749666952,0.215952689018649,0.217658590228213,0.218737290972534,0.219720757687432,0.217441111527268,0.219733620810688,0.221545523755047,0.222410613098939,0.222168639807314,0.222528242642176,0.221966021257463,0.221999368768955,0.221034881002074
"38",0.220444292241441,0.221873731726887,0.220438160537203,0.219562814759109,0.222264691624785,0.218599842647499,0.21947744514432,0.217360337107634,0.218034999228809,0.217606358208347,0.218934870926208,0.221876528066474,0.218801057114003,0.22014230473753,0.215381129862162,0.211738071266172,0.212245612397816,0.212368294663646,0.211027961844029,0.208213146491044,0.207844345736463,0.20755301256666,0.205644004392379,0.20382764334243,0.208334441673931,0.214205938240366,0.214001551288728,0.212655978145465,0.212556841749234,0.21249005754107,0.212427713347601,0.212396140199426,0.212373143066391,0.212346145378745,0.212335086846817,0.212357352974056,0.212424071188838,0.212510407499713,0.21463948205248,0.211760939943866,0.205686679386324,0.203216962111315,0.205652889616112,0.2075304927865,0.209408523435979,0.211419388452919,0.210427550687236,0.215140674672026,0.215804842077496,0.217451561552785,0.216007243235977,0.217069205423507,0.216640695790087,0.218366207740127,0.219024409101292,0.217512500090451,0.219352769164145,0.220292667833875,0.221254091906817,0.22268546804605,0.221771438647663,0.222516904982156,0.21919304080106,0.224219049846137
"39",0.221409222361598,0.219151702543844,0.221590569538959,0.219423175879292,0.221959239923911,0.217271145752458,0.218700855351889,0.216394515926919,0.218207018408947,0.217549040239645,0.21917689932067,0.219788736436317,0.21965582073813,0.218375845375635,0.214474938902599,0.21222264748873,0.21272958028995,0.211623550619271,0.211707732956794,0.207343320601442,0.207542912915704,0.207467977131396,0.205798404600063,0.204310021694887,0.208531990072222,0.210712328281364,0.215783060242382,0.215804032263427,0.214024484743722,0.213499458251546,0.213416056837356,0.213372039600379,0.213355966964676,0.213374194641675,0.213389014187161,0.213488722664751,0.213908537356591,0.216176306087632,0.214320742013034,0.210172231840574,0.204993768970998,0.204233865861325,0.205738262831556,0.207339908960042,0.208341220068334,0.211854195190947,0.210437684448894,0.214255828549507,0.215339197831587,0.217809616307504,0.216729611857124,0.216242877314699,0.216693958980338,0.216551795706676,0.217993669665199,0.218263475227097,0.21727048859977,0.219528033313121,0.220352265308227,0.222530080802643,0.220437925846742,0.222558834216904,0.220761798813533,0.222093873384126
"40",0.220141443006934,0.220653454482617,0.218537650489362,0.220862273556187,0.219347378161453,0.218891641590853,0.217754426899794,0.215757659628612,0.216800241607433,0.218447663238195,0.218480801972859,0.220532996263399,0.217066237031529,0.216564549447279,0.213951929685241,0.212585725241273,0.211916304801071,0.211973918633351,0.211554394183336,0.208088223559478,0.207789622253732,0.206894118921671,0.205476944961674,0.204415290340864,0.208535657991111,0.210504345240283,0.211991110359985,0.215382705522735,0.217152528136289,0.216700428355698,0.215441543448956,0.214903723750005,0.214661352372068,0.214701311897474,0.215106511308105,0.216309717987254,0.217386848768904,0.214985576188531,0.211911896708137,0.209115800367609,0.205453489338691,0.204857816076841,0.205526156084397,0.206898358322477,0.208495124114551,0.212003330015527,0.210288234739504,0.21358632976118,0.216636942922821,0.215450777028938,0.21796540889085,0.215633557278089,0.214572911504781,0.216558960086664,0.217749665133111,0.217471153077167,0.217996197288582,0.22023971274484,0.218930148496298,0.221535308333611,0.220428537675537,0.223076866406779,0.218795180743113,0.223021476318332
"41",0.218994496615456,0.220144827212955,0.220191570406879,0.218802887904394,0.218768245718588,0.218358550769738,0.217445006036557,0.216656924408829,0.216895886959226,0.216565495626068,0.219740198214176,0.219063216212359,0.215602053563207,0.215855805100543,0.212658109817766,0.212999366821204,0.211515920258824,0.21221163516915,0.210989411904245,0.208487432925147,0.207974311275737,0.207642508563658,0.205689069644291,0.204371257842717,0.207582063982376,0.209776419640606,0.21110109706376,0.211954058360469,0.213779350374922,0.215557887518657,0.217193770228461,0.2178855134911,0.218321349286311,0.218650216987376,0.21850204455395,0.217150994673599,0.21471264057428,0.213126559731272,0.210358865458486,0.208961664070383,0.205609701572537,0.204770476685244,0.205847448429661,0.207433543530285,0.208863855407443,0.21179475718253,0.210991289983783,0.213245588793829,0.216444339371263,0.215118550941784,0.216656781351605,0.215174255280924,0.214780795558412,0.215894610235398,0.21691357145115,0.217190064183623,0.217941798588398,0.219438474112299,0.219283951148977,0.220267446758296,0.220061353460676,0.221498451724847,0.219662658721593,0.222543387603191
"42",0.2191347849716,0.219353644875657,0.218824834796259,0.219906542427919,0.21690228646707,0.217978325485155,0.21761879349298,0.217447782063338,0.217398031431781,0.21664923940488,0.218695198052499,0.218004582921155,0.215335260385555,0.214068310891335,0.213312532360678,0.212348282088951,0.211546126140056,0.211998741113466,0.211441531469948,0.208968348708533,0.208622372117551,0.208109102731878,0.206581919153985,0.205519210254079,0.207721051034144,0.209537803286467,0.210772062488928,0.212147521381167,0.212531693220239,0.213360415044974,0.213801726026273,0.214408910335886,0.214647449627563,0.214210103357698,0.213400551249408,0.213016981355654,0.211941275953552,0.210044111652159,0.209399318630007,0.208546878661081,0.205403714584501,0.205220528705048,0.206091455663425,0.207323822980349,0.209244156914296,0.211083789587251,0.210687428794337,0.2125346033473,0.215713356069036,0.214698872001057,0.215658894740345,0.213340921237126,0.214805122353261,0.214894210226219,0.216410293775062,0.216968486892219,0.216648374573563,0.218926710368746,0.218569717736055,0.219866007033628,0.219029204007127,0.220726549556769,0.220005600756663,0.220885446925481
"43",0.219069743605557,0.218915704178586,0.219092491791917,0.218326643842372,0.217766425430279,0.217246020820045,0.216952583584662,0.217687853719373,0.217741127052126,0.217375271433748,0.217627476427444,0.216625460284434,0.214101269927936,0.213711971010989,0.211712603550368,0.213003544489559,0.212112347400579,0.211662331102263,0.211188003708048,0.209020075138049,0.208763785863762,0.208111783279323,0.207097551906603,0.206052222052004,0.208284565372639,0.209803754072456,0.210698644466598,0.211160258594263,0.212029467813023,0.212306221248725,0.212336408627065,0.212551031103023,0.212159904152741,0.212688982540271,0.212590834886498,0.211204377794428,0.210301036871603,0.210044248438676,0.209768100484008,0.208760940601833,0.205944325298906,0.205699127286526,0.206407153041412,0.207444383184075,0.209100256420514,0.210725092365514,0.210742789361286,0.212831627983732,0.215660104857153,0.214258159440117,0.2142019895277,0.214270981500468,0.213961792602141,0.215065078539708,0.216108346116182,0.216762705707652,0.217756121370193,0.216780842425339,0.218050563816777,0.219415067727466,0.219640481547656,0.220919767450608,0.218993011149286,0.220889397950738
"44",0.21802508524263,0.218152321595312,0.218293635124189,0.217715390867998,0.216936381434667,0.217476370323515,0.217103995925692,0.21758590518086,0.217547162825437,0.217279884194613,0.218161513490719,0.21606714015333,0.212933783553923,0.212819505433738,0.210751210544284,0.211554124685382,0.211748379887836,0.212162674485071,0.21126405483215,0.209277995674813,0.209201257656786,0.208413298984109,0.20743200707613,0.206356812905101,0.208562196360399,0.209648446867918,0.210529335366613,0.211137588043142,0.2116571202321,0.212060334418964,0.212399645961221,0.212645122055405,0.212158935286806,0.211792291256202,0.210903789203762,0.210986821341132,0.210867378467958,0.210815358329767,0.210347809374004,0.208874238491155,0.206270579903895,0.206076667548874,0.206515288356209,0.207605745928972,0.209249694296853,0.210841045985655,0.211012453226959,0.213120008000556,0.214895166394378,0.212598302243585,0.213783215918914,0.21394514044475,0.21419530038576,0.21444230520098,0.215481412357045,0.216874300412844,0.217219770280292,0.216822686795971,0.217477472650069,0.21938551000523,0.219643379065315,0.220202073478742,0.218870353185123,0.220637988684333
"45",0.217741665650959,0.217452567685051,0.218065654376199,0.218195361505989,0.215883199705563,0.217334184186716,0.217532089944861,0.216954955243596,0.217447950625992,0.217444192658118,0.217314817020515,0.214718137104674,0.213483233354235,0.211639008980299,0.210514820186421,0.210988253551389,0.210417789231288,0.211758634095606,0.211244483269218,0.209351192535362,0.209403025628651,0.208606443917014,0.207932512480116,0.206948781818081,0.208966710687001,0.209747857631567,0.210490765123984,0.211095337366662,0.211449109045459,0.21198957967241,0.212059805629526,0.211962687462293,0.212220447252592,0.211566370764707,0.211641203547243,0.211316892180516,0.210929437630831,0.210846693936786,0.209771792652238,0.208587994199544,0.206282541506367,0.206455467772673,0.206610163107193,0.207828592985034,0.208860449998313,0.210743554947348,0.210677957980527,0.212517317397045,0.213825661054159,0.212504198795024,0.213894459573944,0.213628364271211,0.214094848906138,0.21351893344615,0.215643913535978,0.216497682042166,0.216797001171146,0.216622097785075,0.21764464523601,0.219290718160002,0.218021413485739,0.219602157549615,0.219454090423343,0.219851180949344
"46",0.218329926192361,0.21744291374596,0.217688446894422,0.216788810667662,0.217473738523616,0.216353324772589,0.216566391753277,0.217509272590216,0.216860758340896,0.21831510445472,0.216999103952792,0.214523255814215,0.212272119796899,0.211771168354826,0.211021560859615,0.210229529964219,0.209917928824596,0.21050911307781,0.21026746821916,0.208753236486659,0.209466435239455,0.208559746778477,0.207886572558183,0.207083521668581,0.209058511846295,0.210234150808601,0.210559385053301,0.210728624644212,0.210829038835469,0.210806025502164,0.21091981544157,0.211327334070146,0.211650503167435,0.211961219511684,0.211739863503592,0.211609961883176,0.211520565652311,0.210920659299163,0.209916731467831,0.209197292322068,0.206809655644274,0.20679649558107,0.206735498783713,0.20825207081532,0.209498802026081,0.211261177630649,0.211040930918574,0.21234431748949,0.213386893204447,0.212557550601034,0.212926565949616,0.21305454800888,0.213234885466901,0.213652063856901,0.214571752364279,0.216108007125335,0.216879138211099,0.216695479037654,0.218137730195846,0.217600788144172,0.218585603122574,0.219279750623154,0.218918204724852,0.219957441786552
"47",0.218614398792024,0.217154804416074,0.217416278717142,0.217351212419665,0.216881093420355,0.216310845387795,0.216507992525046,0.21640172335584,0.217216854270221,0.217422517542762,0.217354521239474,0.214156105496961,0.211824646398683,0.211277527649796,0.21130542941457,0.210067086457371,0.210176732415747,0.21044676891271,0.210379258790997,0.20909793583256,0.208753719197091,0.208489276420876,0.208087977314615,0.207127482343426,0.208693779702568,0.209555134512621,0.209979581268379,0.210573778583097,0.210779158680675,0.211215562640116,0.211600050959965,0.211467907252255,0.211515403430398,0.211252366324869,0.211606166033599,0.211444116131263,0.211273599607766,0.210735293273741,0.210025795967328,0.209113295216957,0.207072880390244,0.207261298023244,0.207551940141662,0.208978551838653,0.209578224403034,0.21071483127816,0.210742550203384,0.211307556191065,0.212234030296355,0.212688081481755,0.212153042907921,0.212610094321153,0.213057318837278,0.2137605820097,0.215093756830953,0.215661969031022,0.216970835997408,0.216809231098832,0.217328420352001,0.217955186509679,0.217854190083056,0.218722819136066,0.218960031839784,0.219194521938467
"48",0.217788561944063,0.217046191282511,0.217117018191833,0.217790811048248,0.215554199536211,0.216485910627719,0.216590636422808,0.216525814825077,0.2162911808075,0.216434591192069,0.217409616323295,0.213752945071409,0.211370992128591,0.211389378063826,0.210811179116802,0.210218984554275,0.209941661772431,0.209817221828754,0.209866102704076,0.208995833423788,0.20876621471271,0.208628797972995,0.207831872313959,0.20732660741709,0.209275317158715,0.210383147622495,0.210893056719265,0.211073150103445,0.211491867469713,0.211376907144094,0.211468837370143,0.211440416959736,0.211443348628093,0.211638664899244,0.211754573213249,0.211611826599691,0.211239925095139,0.210338112215063,0.209975983829837,0.209260587148671,0.207205370298388,0.207092944808533,0.206887244396465,0.208667869890124,0.209107855251513,0.209614729998089,0.210372255713652,0.210579799194599,0.212168446324529,0.212345135090619,0.212239006737091,0.21187641551417,0.212834043482508,0.214020246220896,0.215005288099833,0.215586655242504,0.21636639014347,0.217542285758692,0.216053160806993,0.218211607300723,0.217457591238088,0.218315875246355,0.218517283932439,0.218690137631787
"49",0.217487735276944,0.216689614550437,0.217795238818865,0.216945326283552,0.216547779681917,0.215180761162953,0.216645386904952,0.216394533370848,0.216106270707212,0.216302235696968,0.215722825328244,0.214288884496708,0.211591852727625,0.211564538042867,0.210474878379497,0.209849002990884,0.210092242280835,0.209497008411691,0.209366380954903,0.209080971330993,0.208414202597668,0.208604128067511,0.208581239909877,0.207537503644303,0.20923303909674,0.209869280192525,0.210534129759005,0.210792098190622,0.211337691786658,0.211516714363619,0.211280773171389,0.211251634821444,0.211558523108117,0.211632634951723,0.211302803569158,0.211157109108396,0.210703621378311,0.210359207669305,0.209632259499836,0.208653322237764,0.206774570081169,0.207002395839745,0.207607583234887,0.208909312520922,0.208209401241469,0.209281124047485,0.210166364019864,0.21039175311787,0.211816779565422,0.212211827384808,0.212246223538917,0.211039028132349,0.213006834052868,0.213998698308712,0.214776369652878,0.215369620721572,0.21661755712359,0.215667742576185,0.217538297715075,0.21677272744876,0.218649828286323,0.216802162541752,0.219119258844563,0.218092130199238
"50",0.217180102292812,0.217625101106788,0.21648696333264,0.217088211361159,0.216613938134574,0.215515724230557,0.216279488983146,0.216244911343969,0.215911269083005,0.215474003590572,0.215116966003586,0.213373352555741,0.211557048450904,0.211233686173031,0.210575873667017,0.2097549185033,0.210187202920945,0.209608228397801,0.208976055605461,0.208969561146982,0.208154424873832,0.207926710333974,0.20799964657519,0.20794929154696,0.209601289277364,0.210076986942115,0.210585364841429,0.21092521131935,0.210720946624925,0.210938998438196,0.211159147059307,0.211412222444314,0.21107097602361,0.210805869746913,0.210594968388631,0.210381344779247,0.209777194090129,0.209796948687644,0.209327729312287,0.20865373729727,0.207206514116503,0.207418426994107,0.207245535646942,0.208213188481595,0.207597306322807,0.20933972586924,0.209852754400033,0.210230707908541,0.211415503098262,0.212023202490869,0.211550753278832,0.211444523385486,0.212852801406193,0.213767691415825,0.21533357641421,0.215315354097665,0.216427711742257,0.215758760420064,0.217156299392295,0.216799309009539,0.21710002035819,0.217924150624934,0.217540308587996,0.217995683309348
"51",0.219801229364377,0.217038280548544,0.216624894872858,0.216221683997613,0.216415465882957,0.215764512840518,0.215700641015588,0.216221150973022,0.216382881957443,0.214633673024523,0.214631411923552,0.212517776042876,0.211520113227899,0.210712343947186,0.210559574675405,0.210139566597444,0.210295618651676,0.209392786874889,0.209211912373813,0.20868942738224,0.208388986589127,0.207697042064313,0.207646543489435,0.207065956951723,0.209282361818399,0.210429982517743,0.210902600580855,0.211197054139945,0.211324416672894,0.211402626693113,0.211482304639963,0.211271605057241,0.211059638821535,0.210940060740578,0.210489378111104,0.210149767928456,0.210093016346287,0.209844922528503,0.209532299102516,0.208968992515241,0.207001080581649,0.207037659543127,0.207366951246088,0.207705438527016,0.20733055998082,0.209299741256628,0.209412580239279,0.210206611591966,0.210957029130704,0.211960696747686,0.21191802950313,0.212515476126654,0.212708140868737,0.213532609136532,0.214737252964331,0.214890224854656,0.215850714401318,0.216592579137405,0.215990443892132,0.217239096684274,0.216457581536255,0.217783015815023,0.217886647936658,0.217420684407889
"52",0.221266159095253,0.217576343577596,0.216670116791623,0.215757412515667,0.216802835250898,0.215908977475551,0.215494769929005,0.216036932951437,0.215776337208363,0.214964873857194,0.213916829383373,0.212343006204294,0.21131461578249,0.210622714787606,0.210282787595466,0.21003804917456,0.209597842869561,0.209055944844289,0.208937015370668,0.208338210953506,0.20854021604721,0.207728918490819,0.207427571448421,0.207043927391303,0.208512738615456,0.209644106579484,0.210316852116993,0.210759962845352,0.210929617101104,0.211336850137156,0.211201398090863,0.211410383587514,0.211380010101932,0.211245023122204,0.211060467703401,0.210899961801124,0.210390929655146,0.209927860764795,0.208922957095316,0.208230808457891,0.206522942448615,0.206919543482503,0.206904640301894,0.206827506289085,0.207414659538002,0.208882583588188,0.209397990847322,0.210220052128401,0.21112363863529,0.212156565447942,0.211815844553164,0.212263383104187,0.212129908438424,0.213454895370109,0.21452205499698,0.215406145186858,0.21628933406078,0.216330079348434,0.21561381723609,0.216367594758085,0.216627500036273,0.21726004686225,0.217714022724028,0.218981584596288
"53",0.220614311911594,0.219920256684776,0.216506157624574,0.215327551505906,0.215764146876661,0.215819776359171,0.216290128775246,0.215681678685332,0.215259951673187,0.215292280384721,0.213696441714787,0.212352041299206,0.211147462895104,0.210746880856039,0.209738687486109,0.210077909176608,0.210564493882829,0.209052393225127,0.208619023135093,0.208208613703285,0.208119373115885,0.207814803936334,0.207017758346463,0.20681404749276,0.208205963809576,0.209098315911735,0.209590837974805,0.210042360908771,0.210281601116801,0.210344125269682,0.210701862305015,0.210573867940232,0.210524487903902,0.210418903664935,0.210381374716834,0.209878976269924,0.209609379412085,0.209337301303999,0.209005229372081,0.208317928167146,0.206773057807195,0.207141070958357,0.206636413892151,0.206877848366379,0.208064785254795,0.209010072004555,0.209369980748039,0.210815271847728,0.211811668315982,0.211907255406849,0.212000490307824,0.212156472793805,0.21263038796518,0.213263485123315,0.214583479454919,0.214897798625904,0.216343923626105,0.215334703262388,0.215742527286583,0.215799451039732,0.217011745756538,0.216503421462304,0.217724888306535,0.220823901536416
"54",0.220454530434093,0.220427888440301,0.21824491434401,0.216288454246026,0.214951641964746,0.2152019693142,0.216306289643984,0.215499417042878,0.215186321812593,0.215530730071392,0.213378420461072,0.21182197734665,0.210859842494172,0.210846721835012,0.209947947371352,0.209777058288788,0.210263878279308,0.210099709266901,0.209163527872965,0.207901574949671,0.207735187508541,0.207964980865994,0.207253804910417,0.206493454500323,0.208062796467301,0.208517377509479,0.209131957599013,0.209622147439247,0.209967662931972,0.210027032154995,0.209911938892243,0.209971820345058,0.209825957367718,0.209942485555833,0.209661203879586,0.209514948863376,0.209532922635087,0.20928277863935,0.208842405327042,0.208262614030784,0.206891290189535,0.207015723729488,0.206447035132803,0.207314411628289,0.208216534614659,0.208977286028963,0.210126304959084,0.211161168538902,0.21172573363952,0.211240598030258,0.211839598134705,0.211932333990884,0.212686939741051,0.213088887677898,0.214312531721611,0.21520628734925,0.21629335329759,0.21527231814978,0.215182610867697,0.216622146906636,0.216282180474347,0.21625384134606,0.220416198949161,0.220036481628234
"55",0.220252154851167,0.220595463255744,0.219309048328634,0.217277400236861,0.214958697206591,0.215194840041865,0.215080016559688,0.215834293613243,0.215133177265949,0.215229718924163,0.214049558148587,0.211578807713445,0.210408428431078,0.210533450286393,0.209746728152741,0.20972984079162,0.210037476543001,0.209777434205526,0.209538660304093,0.208951872465476,0.207976220941492,0.207519739954414,0.207387903221669,0.206839391445817,0.207798140728807,0.208540624440421,0.208916348440896,0.209034655644737,0.209397800840921,0.209603660482921,0.209861368658925,0.209821094758357,0.209909874539842,0.209591666752346,0.209552330075484,0.209739534345976,0.209652119951473,0.209122819341037,0.208876840716734,0.208433690404206,0.207128329697676,0.206630906687355,0.206746186279316,0.207519316998301,0.208554045353035,0.210220109357426,0.210529511849759,0.210958231728547,0.211677923171201,0.211435676138774,0.212096128849653,0.211592932389268,0.212655422963342,0.212921853462269,0.214290007262156,0.214534196143425,0.215356186541543,0.215142776021273,0.214821056699133,0.216809140310958,0.215421952239679,0.218898528031629,0.219414582642151,0.220810220385677
"56",0.220422771151183,0.219775042298537,0.219489985607978,0.218815895076521,0.216630845316391,0.215255415302312,0.213602679147966,0.215497083672355,0.214900518838121,0.214419082444357,0.214657032547222,0.211995295200437,0.210681575606805,0.21050639550561,0.209346750031275,0.209589580060769,0.209604820139129,0.20985479054653,0.20919160484707,0.208984606994421,0.208779467458893,0.20836096123386,0.207458006918482,0.207019493100592,0.207553604695659,0.208172725770097,0.20865339474316,0.208973776572737,0.209066014926857,0.209119580072652,0.209339445209447,0.209277656309757,0.209496360359984,0.209548508374916,0.209732034735112,0.209513190662417,0.209124227165098,0.209308723075051,0.20881395062688,0.208600280199962,0.206390045667305,0.206328816762524,0.207430943004013,0.208482288798863,0.209534756631938,0.210271738073372,0.210112758708548,0.210943124259168,0.211585306964694,0.211290761353538,0.211596459500941,0.211735218262945,0.212434727649803,0.213188010648781,0.214018500674705,0.214295985052171,0.215073463946545,0.215357898969969,0.215783131191174,0.215791968115912,0.217184913094362,0.219415604140002,0.219663360076429,0.219828348777445
"57",0.220157617215756,0.219609897247108,0.219955867734127,0.218569416359871,0.218844128450326,0.215185162194135,0.214766166867458,0.214132282091112,0.215077043376485,0.214529479846893,0.213970144495717,0.212251862483035,0.210717556638955,0.210757581059576,0.20942836045927,0.209718430834942,0.209362447577257,0.209543934906961,0.208850954561965,0.208639135233395,0.208587820211927,0.208894906216736,0.207955704974815,0.207774118445903,0.208742666444319,0.208724008148147,0.208421706888423,0.208604881229099,0.208806830421764,0.209001762999669,0.209041829481391,0.209486436041451,0.209282493695809,0.209593385110855,0.209523479519217,0.209421206475516,0.209420367596129,0.209166052123489,0.208886830823696,0.207945456576756,0.206778435218452,0.207773122086002,0.208384881913564,0.209175276146884,0.209376627262191,0.210218747411481,0.209885636283041,0.210685439379554,0.211263752181118,0.211232238549472,0.210815951470599,0.211767601919912,0.212147160756919,0.213057872614671,0.213455785056729,0.213982966388747,0.214559088019644,0.215959362805674,0.214785220415736,0.216732100591587,0.219139303243725,0.218894325951865,0.219748766709461,0.218990102012745
"58",0.219577869015356,0.219738833031891,0.219149321407569,0.21890234167244,0.218815757660426,0.21708037449195,0.215031914267067,0.214290298111241,0.213697006899807,0.214512051406124,0.213491746955283,0.212455469998566,0.210882042642823,0.210784845362482,0.20915944418127,0.209596794660524,0.20935967413579,0.209420681883287,0.20899599278718,0.208712520871682,0.208190904578919,0.208392886780144,0.208030231385295,0.20779809901619,0.208870364860165,0.20948520375015,0.209554674506218,0.209491114645425,0.209557560377007,0.209824628843058,0.209689783750208,0.209612673241826,0.209644898925726,0.209597028275623,0.209311952085098,0.209683538519096,0.209428175133971,0.209926829992286,0.209075320127457,0.208392234477265,0.207763835045238,0.208376068663129,0.208326366694851,0.208740191137634,0.208922507866495,0.209707506782238,0.209507063884435,0.210365352630023,0.21049939672328,0.211076706430527,0.210077090111192,0.211823739968865,0.212025663743673,0.213082914905758,0.213350847940708,0.214272705670065,0.215465628309718,0.215357794210556,0.216050714590397,0.218589445352578,0.218784680871897,0.218833365101194,0.219411171868751,0.220122587845053
"59",0.219508191641881,0.21988842436371,0.219165669632017,0.21891075118319,0.218081674823323,0.217704356910438,0.21769891470373,0.214749669041555,0.213902435649884,0.213625985455254,0.213164111576361,0.212715680968822,0.210935920620178,0.211021117088685,0.209487165011233,0.209599420282488,0.209067460458634,0.209355892259751,0.2088790706165,0.208725029824586,0.208141518693278,0.208660520385485,0.207898687556334,0.207919576586151,0.209345820891951,0.209977820384268,0.210198266234815,0.210421733204454,0.210036495687979,0.209982786186071,0.210139220488834,0.210396787001921,0.210484111874038,0.210396304090781,0.21034175887798,0.210453246412797,0.210427051328159,0.209424904880341,0.20891256802479,0.209069208052,0.208102211781989,0.207946198699047,0.207834483837986,0.208339259470985,0.208646894455653,0.209633567344086,0.209069079994942,0.210280267231892,0.210446130555967,0.211166634710199,0.210480653077054,0.211958998890261,0.212330763957782,0.212745616005355,0.213473641303106,0.214993349249371,0.214547569363354,0.215876679341291,0.217910506074149,0.2185764093175,0.218504612716682,0.219436548887876,0.218058142732767,0.220117124441214
"60",0.219889980693671,0.219400634687236,0.219204437233854,0.21871658322832,0.217730077287457,0.217914435066858,0.217912612903491,0.21704057942093,0.214681260617328,0.213678482668911,0.212525164848909,0.211483312244393,0.211318209220715,0.211258390074498,0.210187275866397,0.209383851153509,0.209437828710476,0.209138571625273,0.208784051863467,0.208412854093533,0.208176783394111,0.208360958619673,0.20765739912861,0.207647194182669,0.208671742982454,0.209434539515657,0.209969285638443,0.210386122275888,0.210799303852781,0.210681278326337,0.210349500436283,0.210165945747346,0.210324190922463,0.210429523541228,0.210795340548791,0.210299772454113,0.209764324522804,0.209457660618177,0.209590154739334,0.209042099753864,0.207453315757959,0.207796515079509,0.207781317557239,0.20808224407726,0.208681583149689,0.209178058495283,0.209111682424263,0.209974688152577,0.210304907621331,0.21082274169652,0.210990721018264,0.211535431032915,0.21231426253676,0.213369692565669,0.213873347599103,0.213920699867339,0.215573474402861,0.217845513226918,0.218143051045849,0.218479993495479,0.218269990808314,0.219212577497096,0.218911064568449,0.219465311640233
"61",0.219235062699996,0.2193140467186,0.219260254494328,0.21830037862179,0.217595914821639,0.21773748517535,0.217463605304964,0.217274993273509,0.216902084026826,0.214875912934643,0.21302484323547,0.211326027222172,0.21035989532458,0.210089260973342,0.210623403002351,0.210480892459448,0.209683564974991,0.209121367551103,0.208880150904962,0.208440428409752,0.208176787764628,0.20837529463567,0.207812067186742,0.207711014736536,0.208573182362336,0.209272483362022,0.209552460771036,0.210022811104604,0.210234244485558,0.210560137514774,0.210921931820162,0.210512478212253,0.210705199656141,0.210197730813731,0.209934885943909,0.209478266577913,0.209503993962679,0.20974278813045,0.20914441562543,0.20843494268484,0.207431626639571,0.207470795825785,0.207676398996057,0.208211675467979,0.208297081075372,0.209269153363786,0.208993032686417,0.209769197328927,0.210402862779087,0.211372264556622,0.210859668906413,0.211928721674435,0.213193694505411,0.212698325525815,0.213400207747373,0.215732620230272,0.217533453540392,0.217981666595243,0.217267727243584,0.218729838177153,0.218574874138529,0.218654103538044,0.219102028046868,0.218046045238702
"62",0.219381364538845,0.218974591884538,0.21898963139416,0.218437436256695,0.217773362245695,0.217455739121998,0.217328280369318,0.21711802402965,0.216919565534843,0.21700601182953,0.21479613050946,0.212060789963258,0.211077405147989,0.209976360277951,0.209390327456195,0.209684070482589,0.21018231950499,0.209567364784789,0.208759386955322,0.208809592469548,0.208295757996481,0.208405119087691,0.207675176172368,0.20780484507983,0.208477437480428,0.209095555218277,0.209518462864761,0.209722295130875,0.209850854288142,0.210225484645469,0.210227457767507,0.210501766099953,0.209857768309974,0.209753998171623,0.209037466068863,0.209298812427717,0.209119595327724,0.208975751155251,0.208726299279874,0.208328938954704,0.207073667962166,0.207507934456729,0.207458194503299,0.207891527595108,0.208282990406023,0.208866841061257,0.208894236759242,0.209965048944076,0.210830833531644,0.211564933723253,0.211732298843218,0.212005476464386,0.211815770402139,0.212997185585839,0.215252130698914,0.217358955173246,0.217092571874639,0.217805508417634,0.217762876661889,0.218329707860714,0.218132657980617,0.217725131745409,0.219291746994512,0.219307436993335
"63",0.219147238202371,0.219483673369246,0.218291997915879,0.217539951571625,0.217928977757298,0.217092038049406,0.21755111939131,0.217179125150017,0.217533224643755,0.216724957115026,0.216065885349249,0.214369943851272,0.211855729282538,0.210480540391371,0.210202221978656,0.210106614848582,0.209545125198589,0.209079022309875,0.208644423972373,0.208002019664952,0.20781747367937,0.20832077718224,0.20770515780169,0.207659479296851,0.208738304570332,0.209194524462284,0.209386007453936,0.209393912837933,0.209572843804558,0.20927607851315,0.209339679971633,0.209067492314408,0.209361382661398,0.20976202566542,0.210135241577387,0.210042331269242,0.209720751056851,0.209181894522673,0.208847652975552,0.208138560632526,0.207138227459932,0.207355600677671,0.207156462966309,0.207780124225839,0.20803870936744,0.209056754154648,0.20978091233387,0.210702782960991,0.211474801342886,0.211696327087131,0.211204021287816,0.211584697375778,0.212653243994415,0.216004878316707,0.215933194320843,0.217129509743319,0.217228900327711,0.217618592509912,0.217657803159756,0.217963691688614,0.218575615255336,0.218271162687652,0.218422758925555,0.218994609062456
"64",0.21892229995001,0.219353188115619,0.218498849705965,0.218142695331355,0.217691318441252,0.216957682043544,0.217293668649165,0.216993056653519,0.216720268156746,0.216663897505296,0.215897810846746,0.21500289635451,0.213548578968694,0.212463776293182,0.210125841985841,0.20963027140495,0.210087166038357,0.209841768879143,0.209032235298202,0.208715902201188,0.207873221915948,0.207765102002868,0.207213007108768,0.206973794696489,0.207824663754436,0.208216238454473,0.208543426011876,0.208693898531004,0.208721917055197,0.20898113583776,0.209162853022725,0.209441011414996,0.209435111111795,0.209457501613083,0.209240474532048,0.209307141528858,0.209243814246703,0.209205475810567,0.209028543158461,0.208591466822477,0.207590226691226,0.207707720229409,0.208297448159377,0.208279083022959,0.209000946422829,0.210139568723457,0.210375118382734,0.210628144868077,0.21132679539937,0.210625278953759,0.211364133048213,0.213018545473304,0.21538241751673,0.215846003847447,0.2161180481925,0.216671464441152,0.217410823967207,0.217171660993433,0.21754858215776,0.217843426329299,0.218942268434094,0.218314551055652,0.218071587207845,0.219438626463098
