"","V1","V2","V3","V4","V5","V6","V7","V8","V9","V10","V11","V12","V13","V14","V15","V16","V17","V18","V19","V20","V21","V22","V23","V24","V25","V26","V27","V28","V29","V30","V31","V32","V33","V34","V35","V36","V37","V38","V39","V40","V41","V42","V43","V44","V45","V46","V47","V48","V49","V50","V51","V52","V53","V54","V55","V56","V57","V58","V59","V60","V61","V62","V63","V64","V65"
"1",-0.6204426124781,-0.622259539130851,-0.620099554914259,-0.614924390929134,-0.623115431320761,-0.62412492110663,-0.620726506186216,-0.622654330149025,-0.619223694081132,-0.624937767094866,-0.618012788387038,-0.619340353759504,-0.615992845997575,-0.621556255499722,-0.616155967743843,-0.619055662636049,-0.616207597974384,-0.626213477308848,-0.61779418253664,-0.621092699851342,-0.614495957539703,-0.614348771660262,-0.621707604746364,-0.619794197823674,-0.62440404709514,-0.623262463469162,-0.619246560609881,-0.623127198080843,-0.617892141632704,-0.620823624694551,-0.619124939403623,-0.617187914974822,-0.61831058469465,-0.618546098658139,-0.613588217804706,-0.617905656813091,-0.624175965450998,-0.627594318880209,-0.615355744190335,-0.621058454397592,-0.622777173986144,-0.622532888323901,-0.618899562378257,-0.620036424609003,-0.616928098761474,-0.61649913475637,-0.613666157549196,-0.618118186867611,-0.620451897470947,-0.61568608099255,-0.619405032084664,-0.619452807772594,-0.619598792304096,-0.624148452019576,-0.621853785228459,-0.622572038226236,-0.62144978971943,-0.617714070825775,-0.624724183844346,-0.617196623469424,-0.621419670674045,-0.620231024664673,-0.621379135210143,-0.619559403751278,-0.621028488003741
"2",-0.620042924970491,-0.620181700494506,-0.623933272856157,-0.621262624733849,-0.612335660927613,-0.623420134638865,-0.623362105216682,-0.622687268372912,-0.620235817440277,-0.621799999760479,-0.6234374342179,-0.621333244761559,-0.617175749340841,-0.621476887781342,-0.613959956370748,-0.616336913102084,-0.616124625329934,-0.618312229910609,-0.621199228144224,-0.617350795726662,-0.62254807343716,-0.618223648338975,-0.6238529031944,-0.617277358279607,-0.621208391627819,-0.619448256967979,-0.62049103350353,-0.62493626805588,-0.615565552673081,-0.622198775228288,-0.622025960320814,-0.616669659752426,-0.618868050802593,-0.612147265132591,-0.62051955378919,-0.61938412035451,-0.620338259849893,-0.626782114848202,-0.615890435971663,-0.620902303526145,-0.624435813153955,-0.623802266747335,-0.613956123081076,-0.619254252622433,-0.613591299591847,-0.615992916669112,-0.621374159578764,-0.618971091209775,-0.615727576543509,-0.623184690667921,-0.620002337015784,-0.617072506325329,-0.620912395811297,-0.62205713682035,-0.621571192012801,-0.620490524475207,-0.618643306345724,-0.62158886527662,-0.620608743835865,-0.620286492134214,-0.621654925347568,-0.615658418437116,-0.613092328718792,-0.620002772661665,-0.616728408937258
"3",-0.623678432173113,-0.619345078095694,-0.618703658690649,-0.622966129265967,-0.620746151314472,-0.61894084016846,-0.621290471518177,-0.62423367856132,-0.619382262857547,-0.624165232248967,-0.62139468163005,-0.618932912352641,-0.61650664175738,-0.624492253864701,-0.623326602899653,-0.618295638956609,-0.615855941312215,-0.618337320757785,-0.613870850273767,-0.614201165381864,-0.618585491788478,-0.61895045962834,-0.624833927593151,-0.622099701398244,-0.620480220645001,-0.621623156862613,-0.618502384544455,-0.62288661978436,-0.615726659907112,-0.622353393969556,-0.62157128780096,-0.619723771343363,-0.617506431495048,-0.619927934332173,-0.61702955259943,-0.623976234966875,-0.616578518331242,-0.619411923845347,-0.620006980361614,-0.619457303019429,-0.620265823195765,-0.625351957533685,-0.613175440347284,-0.61298638485574,-0.621864801534628,-0.622644846881894,-0.613619845875654,-0.619827168141453,-0.62235936282599,-0.616649935680748,-0.612834902276818,-0.616664770888933,-0.622194603502875,-0.618126259600562,-0.623204351053397,-0.617751368137208,-0.62031504700693,-0.622321188436549,-0.619407735206659,-0.620895474231079,-0.6177563075976,-0.613524392809769,-0.621972141694701,-0.619903971436364,-0.62055360877293
"4",-0.618074621166977,-0.623872124039226,-0.623132366907063,-0.618834408446129,-0.621261652489486,-0.617532189035647,-0.622948221525265,-0.622019548534703,-0.62355566301156,-0.620468410874039,-0.62170357823036,-0.620889824618668,-0.615493226273891,-0.619958466224661,-0.617210303830736,-0.620359645517566,-0.618874586340417,-0.618971455120943,-0.62127859588449,-0.61318481125409,-0.621814567404271,-0.616160659659943,-0.622064659681803,-0.623266716214192,-0.621822223463791,-0.620939588322656,-0.61004065578327,-0.609255193601392,-0.592971687972762,-0.611299862940039,-0.609845252596327,-0.596478699621418,-0.590822754742438,-0.598063034850921,-0.590646440974973,-0.600117692312061,-0.608066498495824,-0.616271386210419,-0.610960779806751,-0.619091340512247,-0.627267768230913,-0.620514769260979,-0.618894193352859,-0.621100567365732,-0.621692952748595,-0.616760723835364,-0.611269660794146,-0.62301503459314,-0.617352628279209,-0.608680474207005,-0.62033292692595,-0.622445820627123,-0.617648743589477,-0.621304231655413,-0.622086654664532,-0.617926532560386,-0.619422000888462,-0.622394745016492,-0.621097502961853,-0.617291707673243,-0.618224262059478,-0.616932922738555,-0.619524780442586,-0.617378755486105,-0.618430178101999
"5",-0.624412230634721,-0.621104292293535,-0.622979898703933,-0.627282765864638,-0.622532862823275,-0.622697752606021,-0.620760290872745,-0.62289852647967,-0.624784167980025,-0.621054830697907,-0.626476711274295,-0.61913388465058,-0.618231798865892,-0.621215329428452,-0.617298691714187,-0.617220082735109,-0.61501330630587,-0.620135124293707,-0.612222561174648,-0.618680643008563,-0.61839018716685,-0.617033972188725,-0.624665578294898,-0.614857785020915,-0.599949353356223,-0.601399492105526,-0.581814306494133,-0.581619186956456,-0.566089325851629,-0.57254367773864,-0.573015117728018,-0.573346881509242,-0.57116107716561,-0.567138054040161,-0.568703044031749,-0.568746676311392,-0.578722693378334,-0.58818305805246,-0.593993961823464,-0.606164385362459,-0.61592408629778,-0.615904618368602,-0.618509295305688,-0.620840461060959,-0.619529315570538,-0.618728685476464,-0.613275119990134,-0.620754280710946,-0.613719105021773,-0.614012373369791,-0.620539295120671,-0.61678523388753,-0.618411140185419,-0.620181369899947,-0.621071813927611,-0.617406327718393,-0.619117328915569,-0.621878147962979,-0.618170618659005,-0.619506531382994,-0.616184846409319,-0.615399126429938,-0.617937359836831,-0.616847523752404,-0.622357737058794
"6",-0.621104329949709,-0.622454069777783,-0.621211986951875,-0.625005997033847,-0.625148185952379,-0.624145764346733,-0.624278583351203,-0.627024245576273,-0.622744814890545,-0.623239375976507,-0.624637848170279,-0.622955403827797,-0.619265732055308,-0.623398709074645,-0.619363412574839,-0.621408937168787,-0.618790469795751,-0.619307709709819,-0.609814895964458,-0.618359472211874,-0.613638886725438,-0.601686045608593,-0.604337190562957,-0.593486730635535,-0.579522204254962,-0.572004217132681,-0.560902149011597,-0.573977574866963,-0.571220956932023,-0.564099052239822,-0.557759870898474,-0.571244140790086,-0.573793681235905,-0.561834458616714,-0.561993444400527,-0.564572871501462,-0.565271157623971,-0.560556532350118,-0.562103645875349,-0.568531479259097,-0.582005689029213,-0.59415295533625,-0.596620568200381,-0.613243716297038,-0.611444959205813,-0.604148100648909,-0.613437239164259,-0.613823109205163,-0.615674339132174,-0.611932513902929,-0.615648842517088,-0.617798386189748,-0.616092518122754,-0.617565698685053,-0.617011624289363,-0.61878038307488,-0.618366579767206,-0.622265834288365,-0.617951783100728,-0.617026739016537,-0.612963175204625,-0.618111942936387,-0.622606467791348,-0.62050396072114,-0.619757039912274
"7",-0.620764427493272,-0.621227777995949,-0.619970011917218,-0.62096679874945,-0.624634033563733,-0.62368974570437,-0.623025779046607,-0.62492712919037,-0.626745759089821,-0.624740842221751,-0.6239532820034,-0.624548316971937,-0.619754442038021,-0.623700014466766,-0.617514112309707,-0.618131046925833,-0.623062916308204,-0.620154467963623,-0.608447364699775,-0.591483450617603,-0.582367305683021,-0.574751676794443,-0.56493116522456,-0.564102142170692,-0.575369038444192,-0.576212087654369,-0.571152330142401,-0.577087131950288,-0.57281000265313,-0.56012742370226,-0.560286088116132,-0.574726448695813,-0.562518104582444,-0.567105818906617,-0.564003449541637,-0.566472147481524,-0.554577110369225,-0.561157131213313,-0.562382208309147,-0.570140995105768,-0.565694521809037,-0.562813217840623,-0.560105156595882,-0.573696944442522,-0.587844248918719,-0.596301568901511,-0.602244819028173,-0.614145811012324,-0.613751946587085,-0.609411031468032,-0.614721139374977,-0.618202115772879,-0.61625646999313,-0.617143167879612,-0.621734219852302,-0.622428320814585,-0.620824472542506,-0.619088699065189,-0.617666839169921,-0.616122466737443,-0.617861409867436,-0.622797537621479,-0.620601917993366,-0.623051152593626,-0.614750867329782
"8",-0.625017684594142,-0.623570498939864,-0.622262051754142,-0.621761366411296,-0.623545199455323,-0.620938205295783,-0.626139018433839,-0.620785748680095,-0.627987380835183,-0.62495202931021,-0.623922408653426,-0.625475758042935,-0.62182177495271,-0.626595672558262,-0.618218926359871,-0.618966648316409,-0.618287112676365,-0.608185002066822,-0.588378701653803,-0.565901838049085,-0.555855542897845,-0.567032715621608,-0.558602377287128,-0.556695384548409,-0.568866734471011,-0.5747695699789,-0.575140774762453,-0.57718229320673,-0.568480713886269,-0.55842494743519,-0.557660068152397,-0.567081339218869,-0.565121694716404,-0.568109468487058,-0.570024498875168,-0.566940672454525,-0.554442820155659,-0.563319777525296,-0.566445065394964,-0.566332501567472,-0.572537978213888,-0.570223332633534,-0.565711788891982,-0.568116157602794,-0.556867197740047,-0.560186714581716,-0.578296025376822,-0.594832973216665,-0.603325868257526,-0.610869593411657,-0.618143904049224,-0.618587833684497,-0.614520289730897,-0.61781792367048,-0.626212942850414,-0.619544395417194,-0.616341325690434,-0.619445100964492,-0.614149440855563,-0.61809139800324,-0.617497907639818,-0.621921743357071,-0.62009101072095,-0.614446537958402,-0.611746152911941
"9",-0.624195071876034,-0.626532762872039,-0.626173994191956,-0.621749642025838,-0.626981482966425,-0.623514741507716,-0.627750868308292,-0.625613436033756,-0.627351291392526,-0.627703542629924,-0.623546977501845,-0.622565907469349,-0.625019192791383,-0.625439661656853,-0.620475736259631,-0.614867395604433,-0.606870019180034,-0.584062803765627,-0.563355093238838,-0.558670387619061,-0.560996238520325,-0.562052682165573,-0.554490691813689,-0.563068772516224,-0.567369832512635,-0.566984974080997,-0.576568358251263,-0.574852434532809,-0.569832199904371,-0.562801255592744,-0.565523908684389,-0.566150332347572,-0.571624196967844,-0.574547131748079,-0.565439200311321,-0.562873813155287,-0.561423023620526,-0.556831877125191,-0.568444754529522,-0.569355121358912,-0.573987101198764,-0.575917245610097,-0.565921595171867,-0.568427129087809,-0.554383034835955,-0.556120516248605,-0.55502776787456,-0.563817913569365,-0.567180214589805,-0.603995998085454,-0.618341542956692,-0.613964929725765,-0.616833136893122,-0.622610700299452,-0.620423635867155,-0.611545709090495,-0.616556514065351,-0.617052943294219,-0.616524039868617,-0.613968888529178,-0.619136434837728,-0.618405114704382,-0.615276764724743,-0.609473543098246,-0.61481439539752
"10",-0.625191730740513,-0.622891027462335,-0.623962579290234,-0.625173787446368,-0.619851428571603,-0.62606561960731,-0.623692569523582,-0.629208596626018,-0.625270782848828,-0.631823783116098,-0.628858668184191,-0.620907095495246,-0.625153427684052,-0.620739495669295,-0.616487085207829,-0.60251385963967,-0.570698902276943,-0.56617625689373,-0.566888185962035,-0.560017936205576,-0.55818087774672,-0.554761330708913,-0.553471624392471,-0.562844066741391,-0.572934448072725,-0.568100366051864,-0.572066605429907,-0.567409436265183,-0.568014500542394,-0.563726359762762,-0.570765138846694,-0.570874091041754,-0.571707129587859,-0.568877065262761,-0.566463290611866,-0.565379586842058,-0.562918933935933,-0.567436380952302,-0.570499959177531,-0.573641140076614,-0.573745412849544,-0.575928589850191,-0.57101662886416,-0.557489222350851,-0.563687801944965,-0.555328583315149,-0.556370540671769,-0.556849542598486,-0.559714288129493,-0.584341171177443,-0.597453924712955,-0.608718924258367,-0.620552141493949,-0.614176300969549,-0.617436119804224,-0.614299618705479,-0.619139403939186,-0.612689006110474,-0.614764493126033,-0.613423350438488,-0.616538418652236,-0.613338117404982,-0.609580771493497,-0.608904426231141,-0.615435826155086
"11",-0.627426285002052,-0.622052929267446,-0.626330544689226,-0.623301791169329,-0.625322578785712,-0.623714071871877,-0.622940571732975,-0.62766835430395,-0.624968215620026,-0.631547058017029,-0.634907786565224,-0.625251340053173,-0.622405902103797,-0.602072568423854,-0.590307492727758,-0.576388370529845,-0.565013243555924,-0.560763342299455,-0.555409438327557,-0.552269018327375,-0.550762923356499,-0.562759834819206,-0.557638320459549,-0.56539128495566,-0.571928579190712,-0.568005484358905,-0.572914666672303,-0.570964534764899,-0.575028279576391,-0.572967514148596,-0.574120403778786,-0.575186034826869,-0.567483237367474,-0.566145027859983,-0.567255119360471,-0.558068118073837,-0.566874668907918,-0.569636562100736,-0.571822633775324,-0.571596431042099,-0.56974440342253,-0.563607334217935,-0.55006489022565,-0.544524480015983,-0.556590078210354,-0.559689093963508,-0.565508359776034,-0.555653827667535,-0.55718171501097,-0.558792863323229,-0.571855021215512,-0.594229770605121,-0.613270349979606,-0.61333835997127,-0.620129137420721,-0.609671847152277,-0.61359342805746,-0.612908948524977,-0.618239898743072,-0.616619417928768,-0.613222703866532,-0.611769790734321,-0.611233647879381,-0.617707566625769,-0.617029337475797
"12",-0.622835453092362,-0.62077789329747,-0.619603166614201,-0.622275946178033,-0.623039237435331,-0.621338238789676,-0.626157711440005,-0.621069593697539,-0.624395319650713,-0.62449554146993,-0.631806215328179,-0.628663966903968,-0.606756985701351,-0.583730435427216,-0.573663919928362,-0.576965985311888,-0.570767231248129,-0.561887512218526,-0.557748913657043,-0.556330286874532,-0.54768389952056,-0.561682077475125,-0.562332921807542,-0.561536248217877,-0.563614460695249,-0.563626479685765,-0.567187170589696,-0.56695078069917,-0.572180894249629,-0.570741238340786,-0.57209342188894,-0.571975667298146,-0.56856026334365,-0.561704223510151,-0.555685699763935,-0.554575371118808,-0.558749839583421,-0.563017555576068,-0.568413920747378,-0.569909947206233,-0.567179971169365,-0.562138257930789,-0.555180912280302,-0.542675757828237,-0.54883478138473,-0.563156714485836,-0.569086581593189,-0.570000874446245,-0.556979508767578,-0.564142260465834,-0.562080719062251,-0.570388645898718,-0.602465156213629,-0.618121371913215,-0.618963081073301,-0.61921969314343,-0.620858038093252,-0.61898820659781,-0.613956108228744,-0.61278602912017,-0.61491315196926,-0.620042206020445,-0.615718195399706,-0.61861044911405,-0.615814054194428
"13",-0.620356996823864,-0.624553450660698,-0.621707276285708,-0.619342145263444,-0.618624366435421,-0.622994351152281,-0.627862505861342,-0.62674811489639,-0.62574083304744,-0.624659629327046,-0.62854356011878,-0.612748946819495,-0.585602363606236,-0.575687362218546,-0.574551766040258,-0.576776187607839,-0.577580842683409,-0.569573610732052,-0.566274374191905,-0.563483372727377,-0.550416200627835,-0.564121924162758,-0.553080225614314,-0.559843649395521,-0.556440019389982,-0.559676472875942,-0.567555571442095,-0.566630337494753,-0.566027879192208,-0.573632090500868,-0.575393587676256,-0.574048906904029,-0.568861724596004,-0.5595668798364,-0.561766107520372,-0.556464038428993,-0.561706711389109,-0.564334595445499,-0.56586754275348,-0.564425786252013,-0.564090557018137,-0.558473697674941,-0.55426543997178,-0.544841665522952,-0.551956161563344,-0.561179516112138,-0.565921000186137,-0.564823785182838,-0.559599827373118,-0.550919858502039,-0.565602054094471,-0.56888562479156,-0.581307063161803,-0.596559992487521,-0.617880554641449,-0.618040700567145,-0.617918120330626,-0.614936896892375,-0.617545191589595,-0.618593099530243,-0.619200478246818,-0.61830542800037,-0.615070280509153,-0.618562438691865,-0.62009269297918
"14",-0.624436327396755,-0.620566763413795,-0.625696726318628,-0.625601620436572,-0.621890375140619,-0.615493856572175,-0.619813025947614,-0.626553404808225,-0.626955182055669,-0.623880710882857,-0.61248026008391,-0.585734535103956,-0.57857535611841,-0.573856165005379,-0.580352225039963,-0.581181080456408,-0.584993298806955,-0.577737749869823,-0.572651602304273,-0.561617508425917,-0.561743487719296,-0.558834526143852,-0.560720252073147,-0.558453911479276,-0.56276089198424,-0.558503265817315,-0.56611128755251,-0.569202079226431,-0.570408681236168,-0.57626186129124,-0.570915295105697,-0.568911995955203,-0.562472165795865,-0.557589817705771,-0.56629936961318,-0.565397670068044,-0.56433121670535,-0.56143035561508,-0.564093382065964,-0.569017336104622,-0.56419836290734,-0.562345745404435,-0.562079061083345,-0.56031805736213,-0.555505111021574,-0.558716584103026,-0.569131101188678,-0.567107472088605,-0.553981540521402,-0.556037577224166,-0.563069819022168,-0.563458596068059,-0.5683470833857,-0.581116013482957,-0.596901216011187,-0.617775266458427,-0.614154714877084,-0.614379479599239,-0.619172375848532,-0.618036222086875,-0.619279409599356,-0.613264395373663,-0.617074625826489,-0.616847652297356,-0.614911887503218
"15",-0.624263312145362,-0.624642685351896,-0.616994315649607,-0.624586035891371,-0.621453524744825,-0.619991092241949,-0.620502204283591,-0.619973958886708,-0.624745995369805,-0.603223614843154,-0.582131690033907,-0.571884289793743,-0.57086057323276,-0.566153951847374,-0.575025023521629,-0.574417424672293,-0.578616549682298,-0.571331397593022,-0.565630615321657,-0.565708469997919,-0.563003017844226,-0.562958705034421,-0.560328499503734,-0.557409714522773,-0.560737118991094,-0.56490265750822,-0.565775343035688,-0.573089925607741,-0.572319779108619,-0.567214471221232,-0.570322716545662,-0.567968591488208,-0.575117826294865,-0.565584061531239,-0.564117110334349,-0.562274613862733,-0.56703881946157,-0.567490569655272,-0.567204689612251,-0.569705506405725,-0.565801403912134,-0.563421429830625,-0.564418505444025,-0.565559691292198,-0.561754347214627,-0.566828930843346,-0.563535817356996,-0.566143574705653,-0.553862740734357,-0.555660281708755,-0.558806925445568,-0.569075847885492,-0.573942855164023,-0.563883512004314,-0.582874957814929,-0.60729871243753,-0.613437628613106,-0.620915622188092,-0.615049598455333,-0.615652072975822,-0.611045509636458,-0.614066749348897,-0.618294455468562,-0.61093410267967,-0.616377279017526
"16",-0.619433994456417,-0.623740778555915,-0.621465430339924,-0.620617966684321,-0.626100736599457,-0.619750777734172,-0.617516464256122,-0.621938868571958,-0.611273682979775,-0.599131138638684,-0.570760485268466,-0.574044186270056,-0.56603308835301,-0.563769662984005,-0.56980558167277,-0.571943765906789,-0.574107393881074,-0.56832759727366,-0.565129434236947,-0.558703016331959,-0.561916133487636,-0.561551629079192,-0.56630207606288,-0.567192458711476,-0.562712763442261,-0.564958675541022,-0.570113879940322,-0.571708429165523,-0.572220829405879,-0.575645742247757,-0.571707331121744,-0.574377110021529,-0.573537976105252,-0.567878669047201,-0.566278243935513,-0.566454682694733,-0.57311277386095,-0.571846634917516,-0.567000402131098,-0.571449124744472,-0.570457841348928,-0.560870135142955,-0.565490087453896,-0.564339950427505,-0.554542495117418,-0.560850817424502,-0.567091177504967,-0.563957953656938,-0.568403981611747,-0.565524243605262,-0.572749450810955,-0.573662178288934,-0.574079233143702,-0.563527990040246,-0.563350110246844,-0.595843100438527,-0.61125948492554,-0.619060708352993,-0.617179459089635,-0.617279273349843,-0.615056871564079,-0.620081608037628,-0.614267928587341,-0.620021758217846,-0.618486145655439
"17",-0.618630419295933,-0.616372789457085,-0.619866596213134,-0.616389809990992,-0.617991179342922,-0.623505153843988,-0.621842239518088,-0.612173372140846,-0.576620124139652,-0.571189117223982,-0.565788871872298,-0.570445229995663,-0.569053259140332,-0.556391416099987,-0.559141360734049,-0.568381045126469,-0.560292283237032,-0.565651126475535,-0.566115014453692,-0.563920257254208,-0.558283545651241,-0.5627494777257,-0.558461407919484,-0.564636415954054,-0.56684948257963,-0.566207377766955,-0.564609308769571,-0.572876809960955,-0.57258892470834,-0.571698138812073,-0.565791424601534,-0.56611417056024,-0.564091658367986,-0.5697932988812,-0.568843697582146,-0.572559284900803,-0.574646651788749,-0.573233120523948,-0.570295959742949,-0.563026595941365,-0.564038356098813,-0.565331366239264,-0.560257876759806,-0.568794965121958,-0.571250980828381,-0.556333949684444,-0.562743881465698,-0.574011382766501,-0.571386026506395,-0.567048029150558,-0.567583184459778,-0.572023999948946,-0.567500083605492,-0.564379943225094,-0.562392029679731,-0.562003447158642,-0.604918062689325,-0.611920953089755,-0.609595367377912,-0.612425258878296,-0.613507538358939,-0.612362259441651,-0.614450997679013,-0.617046080612129,-0.612957187080038
"18",-0.622658931501808,-0.622096968327802,-0.622317775474473,-0.623001778196232,-0.618278756241837,-0.613724618188731,-0.615563740329113,-0.595887671582001,-0.56015380030775,-0.564810292485973,-0.575070035923962,-0.571600810665316,-0.570640638142639,-0.572698905961494,-0.56342951519512,-0.566847218794708,-0.556527684705855,-0.555682182460966,-0.558496971789591,-0.559741304915409,-0.560683138043755,-0.560164794345288,-0.5630409836543,-0.564385367326407,-0.568677593591466,-0.564153499904044,-0.567638578844258,-0.563752622476788,-0.563864035720207,-0.565349024279781,-0.572995994422046,-0.569947364717832,-0.568123696725904,-0.569147142739713,-0.5725757831157,-0.572250793890526,-0.569125951325987,-0.56936993323814,-0.56793468638546,-0.563328792715604,-0.570298560909663,-0.564395853314421,-0.563906837413524,-0.559885278216164,-0.568510252676417,-0.567421094027322,-0.564152728062746,-0.569524546201568,-0.571035716039502,-0.571710928047262,-0.573197405987943,-0.572065239571144,-0.571678895323788,-0.561993156232437,-0.561193654310562,-0.556124407797282,-0.572823550225873,-0.598819869605234,-0.614112157868548,-0.615375851639614,-0.615122787965132,-0.617030122098624,-0.617262625487056,-0.615812566626164,-0.615650582822231
"19",-0.619201731771724,-0.61974968079732,-0.6110303906559,-0.611020946113144,-0.613389130600609,-0.61295424729182,-0.601805300528591,-0.578774735397811,-0.546557232302576,-0.555409982941623,-0.579863249526865,-0.581272851422219,-0.570841490628181,-0.573108318356622,-0.55980376048069,-0.563006766536077,-0.561467048159208,-0.557205261175899,-0.561652017344864,-0.556300867419142,-0.564154422698981,-0.563917538785296,-0.557013289828001,-0.555574660691581,-0.558139021671749,-0.568721739855207,-0.567728634193636,-0.570123160421482,-0.570578081390301,-0.573858014123814,-0.570049818001043,-0.568283043430157,-0.567760309833366,-0.570257728106724,-0.570296573033008,-0.572562207212019,-0.57106747990885,-0.565700706479404,-0.560016950447112,-0.56593437928709,-0.560135373497631,-0.565729818014075,-0.573586368969545,-0.559330313304641,-0.561263497869956,-0.558707314994591,-0.570068454110862,-0.573889323628527,-0.574134072818185,-0.573733844169816,-0.568729500109826,-0.567600188053328,-0.568201418267921,-0.555531269319357,-0.548391701255897,-0.559486766683377,-0.561725163449937,-0.584873199105032,-0.609482201822123,-0.617711552456629,-0.620679461949944,-0.618638967034239,-0.617343809158508,-0.613798421174277,-0.620783633525162
"20",-0.613033459913073,-0.618870277935991,-0.62049804496876,-0.616609306842155,-0.621829890766731,-0.616493998507583,-0.603382216252363,-0.565289359212033,-0.554804298773992,-0.564598728822726,-0.577038798357911,-0.578138103352321,-0.563538635295533,-0.568193936037414,-0.567035878071822,-0.559802298334577,-0.557643126615981,-0.549382283362512,-0.555015226566996,-0.557901837131576,-0.558929107530989,-0.554609360573549,-0.556910123425996,-0.556395291648854,-0.555383556187611,-0.562970036294661,-0.566618989043777,-0.571312202896093,-0.571763896933086,-0.567089675412831,-0.56759322597005,-0.564278636756833,-0.571061780482372,-0.574733644698147,-0.57278202273794,-0.56884450809725,-0.563401571321988,-0.565273771010818,-0.560521862310552,-0.560522836986621,-0.559185535135851,-0.579005275289764,-0.574414724040357,-0.571507740125511,-0.568737845288407,-0.565571737149214,-0.571180360672274,-0.570431782492954,-0.575221534988949,-0.569655459707849,-0.570419728440347,-0.563786602376955,-0.561337961595852,-0.558161638752746,-0.564216770384513,-0.562280566028536,-0.56613434711652,-0.576505845380857,-0.595242595184283,-0.617773594868475,-0.621812570096671,-0.61877760444712,-0.619808858366279,-0.62437360496877,-0.625208210095054
"21",-0.612570644672014,-0.610948796939484,-0.620466696377647,-0.618680895378396,-0.61243509702676,-0.607470107452122,-0.59224747771554,-0.567576548880638,-0.56329147806948,-0.566918223391691,-0.571166387115206,-0.565074933592406,-0.551569684279144,-0.556259878282852,-0.566152277134469,-0.555439973018427,-0.54584155214933,-0.547764228696122,-0.543413599071268,-0.549903289028563,-0.565648476630706,-0.558146954928931,-0.550279213019786,-0.55534584045901,-0.549188620185197,-0.561775613657815,-0.570679284818327,-0.571712654509282,-0.5668253081746,-0.571476219084644,-0.569665637460978,-0.562260537447011,-0.565468482297833,-0.576557277300665,-0.568246297704837,-0.573623592669466,-0.56893542447918,-0.563437340514432,-0.567707864935595,-0.561515539444656,-0.577001754124099,-0.571150495368766,-0.57566576612578,-0.574306631364945,-0.572664310104068,-0.56789142929261,-0.577985918219606,-0.572978734249322,-0.576533967878759,-0.571310061945053,-0.562521264326503,-0.557999167659877,-0.557129300895351,-0.556983399805763,-0.562556884062317,-0.561628776397508,-0.56587940840161,-0.565438445748871,-0.580870748015585,-0.613262510833868,-0.616669137329258,-0.623221888307626,-0.622542492732505,-0.624052919896028,-0.625543660456773
"22",-0.620246996272137,-0.620352583893566,-0.615461374894395,-0.618888020601569,-0.618798555121509,-0.611203839171934,-0.582400922460547,-0.567029398569887,-0.566178256186132,-0.56151541666252,-0.555099031531162,-0.554013672709867,-0.554029825995845,-0.544262824099873,-0.554953335618212,-0.550979215064965,-0.543089780615365,-0.550250969507844,-0.546542735084901,-0.553907171766422,-0.555453708964612,-0.559162809379341,-0.558863555024565,-0.548661648812696,-0.547087482562813,-0.543607372113272,-0.562062227615271,-0.56707874532567,-0.567480044491175,-0.57135732033819,-0.570195460921588,-0.566202608155983,-0.562290108402592,-0.56858262716017,-0.559131129382156,-0.563446189124637,-0.571849050645922,-0.558801291778759,-0.562899621712936,-0.568824955399319,-0.58122043906456,-0.582654565181397,-0.578490441072669,-0.570395367867574,-0.572508686469191,-0.571904620373267,-0.563557018289726,-0.566151517582168,-0.56718314773622,-0.56663069142682,-0.562010673433112,-0.561705954089238,-0.560107589731992,-0.557387234239154,-0.560726877939562,-0.560516341791856,-0.563219494804765,-0.572311053525478,-0.583186679778804,-0.608223237612099,-0.627565272267696,-0.621068343560955,-0.624786983059003,-0.627205597070979,-0.623355250913826
"23",-0.613975886620643,-0.617948706489609,-0.620819534903858,-0.618512230598584,-0.623558699042096,-0.603712492473261,-0.573475942614454,-0.569312328958728,-0.565254905793082,-0.562589257732859,-0.552115109528038,-0.547398939578189,-0.549679572876097,-0.537224834480775,-0.544790652497454,-0.546257236568758,-0.53887147235386,-0.540978312612524,-0.543025495800685,-0.55225357790167,-0.554005120575212,-0.557092518852442,-0.564947288539976,-0.554206570749517,-0.560029306588598,-0.550907525553855,-0.557967768217704,-0.56463258423462,-0.575562525554104,-0.568410687651176,-0.559104789222948,-0.560806660894011,-0.569568845523192,-0.563327399804435,-0.567738574784186,-0.57136921969182,-0.570027418715095,-0.559949865856255,-0.554613757188656,-0.57870663631693,-0.5732438698125,-0.579649655035382,-0.568967315814381,-0.574240527465072,-0.574329023693659,-0.575979273019209,-0.566778701643247,-0.56167135619233,-0.560649415700349,-0.55982872918274,-0.557414670140119,-0.558331389758863,-0.549963335543627,-0.561439957894558,-0.564373843797865,-0.560670981886011,-0.569634533113427,-0.573400055109388,-0.578201340181191,-0.614262781669526,-0.628594894834612,-0.626409227554518,-0.628187082833543,-0.625665012228277,-0.629304974497465
"24",-0.61798434750107,-0.60970861355758,-0.616318661654564,-0.620098939536365,-0.611043776910878,-0.591211836840575,-0.573605890675948,-0.57038193736837,-0.56713644904185,-0.562461907659691,-0.563671128090715,-0.543737199290717,-0.535951913159286,-0.541091239434799,-0.544444631005803,-0.544052891021556,-0.54394440927139,-0.543484158887286,-0.533602794862833,-0.544475069746132,-0.549865052421571,-0.557894095224037,-0.558477560828388,-0.559430570278605,-0.560435453448375,-0.570182436718441,-0.562529292356943,-0.569648683000737,-0.565612008724729,-0.566301344326933,-0.57043515764811,-0.571443873334668,-0.569100869139344,-0.567264213621887,-0.56698904551603,-0.568910217912366,-0.565694501069676,-0.56625457725308,-0.56203721366335,-0.569675568745829,-0.572147304784288,-0.569539413709142,-0.565549450215207,-0.571311287737908,-0.565078327308837,-0.55865593818418,-0.55278017758315,-0.548195188018466,-0.549737731015907,-0.553803125350709,-0.549913782517266,-0.54905134447167,-0.552466911727061,-0.565114237136636,-0.564985536624112,-0.568215219915369,-0.566381541503955,-0.570323675864662,-0.573918020849202,-0.59904292184531,-0.623271458155761,-0.630030056582068,-0.630374360878782,-0.627322810417069,-0.620784704530674
"25",-0.617664964211731,-0.61729386044756,-0.611076918908158,-0.615209826454759,-0.603844865154975,-0.572327934390808,-0.5626382087046,-0.576701968185064,-0.57286290586323,-0.566962065397079,-0.566785571852084,-0.560379069828804,-0.552466999851315,-0.54450549985815,-0.557014683117708,-0.548603577410189,-0.545145771304749,-0.540356883316781,-0.547163192133431,-0.54468027841069,-0.536197573144245,-0.552092729035881,-0.556215325677787,-0.554002749757178,-0.562219006138439,-0.571375942910737,-0.569399026184956,-0.572972063344152,-0.568589427195211,-0.564973650855231,-0.567169762505221,-0.576522274893668,-0.57057863787471,-0.570485623669986,-0.566312989654758,-0.569139212032328,-0.570947366868023,-0.56544770262511,-0.574888183023586,-0.577140535581233,-0.579316922888299,-0.579355266227478,-0.573042715617789,-0.567792041177477,-0.561547879533078,-0.556286785497705,-0.545253607625739,-0.553526281781133,-0.556419646173032,-0.557007168674942,-0.557010451477818,-0.550195079476215,-0.554015546301434,-0.564096129381821,-0.564180105265798,-0.574554708617523,-0.572371149320788,-0.572754730720156,-0.577518341407029,-0.57881777850418,-0.600212321022234,-0.627681934498488,-0.624744094341597,-0.625783379100815,-0.627140351835236
"26",-0.617477877502194,-0.616881635829492,-0.61342353359251,-0.613851821331909,-0.604298311823956,-0.56457887333986,-0.564914082176655,-0.578330835530602,-0.57688876560758,-0.568095611057074,-0.554298101568374,-0.563805516795883,-0.559401100284435,-0.556254312263304,-0.562929206037605,-0.546998274434301,-0.549545613551613,-0.547722838314957,-0.536917342137015,-0.536658615726464,-0.544716668388543,-0.551701369958164,-0.562489794945853,-0.563562040719694,-0.564572845240721,-0.574626050139507,-0.568608163453001,-0.570132918722886,-0.566475077582521,-0.564464880714631,-0.571483039866738,-0.566663876388047,-0.562598536072245,-0.564988330789508,-0.575478156720085,-0.573883789779892,-0.573267655794214,-0.570135830542428,-0.569070815791219,-0.567450980330531,-0.568541300315419,-0.575306960900336,-0.567064443335844,-0.572007464148723,-0.566860893529528,-0.559346547852759,-0.559378207051877,-0.556019702077408,-0.563025503232612,-0.552278216498149,-0.561535588584685,-0.562987678057537,-0.559077829619537,-0.560003239164942,-0.561092992029402,-0.570676596551891,-0.578137810237717,-0.57718748974272,-0.572015810792093,-0.571584647072632,-0.60294112486045,-0.626937206945317,-0.625695190248403,-0.626784691512759,-0.629571755039065
"27",-0.608954612737351,-0.617854400029465,-0.61694664435352,-0.614924126074172,-0.594323067862676,-0.564232741881112,-0.566402207970142,-0.57811581322868,-0.572005537966526,-0.564048056949287,-0.55864617206192,-0.558150249671913,-0.559080403584682,-0.559831769632719,-0.561377209529491,-0.557068873911192,-0.559854351995365,-0.552306080596468,-0.5464996579388,-0.546750628239657,-0.547232248536702,-0.549266556621506,-0.551024020892652,-0.565044194493911,-0.567812269491465,-0.563988570726972,-0.566652351626876,-0.572863362564428,-0.57035471342744,-0.557490160933158,-0.556525787579841,-0.55833579716238,-0.553862253413116,-0.549032175714553,-0.558900123545713,-0.561846549223188,-0.561163652565284,-0.567637760430779,-0.572091413057471,-0.57564879318813,-0.574437385662753,-0.570254399250557,-0.564651496062745,-0.565064710804332,-0.565394303640597,-0.559936868679801,-0.561454354462296,-0.558593840611067,-0.558677733956063,-0.565908231641794,-0.564149595551027,-0.565667816699828,-0.560651927197654,-0.563301970289576,-0.57197237236035,-0.56921682595788,-0.573738482470345,-0.581473142064756,-0.581809008946667,-0.566962409571942,-0.594479541784336,-0.618750775013594,-0.627696916065464,-0.626813787905132,-0.624372610221039
"28",-0.616743190891531,-0.613249717448898,-0.61637604755343,-0.604548241913979,-0.585928428732967,-0.561605398462601,-0.567772517809652,-0.570672107094529,-0.572085911340409,-0.568402034686098,-0.566223396091938,-0.566622507164558,-0.559732139434163,-0.56387950101304,-0.56026745090143,-0.55452324106243,-0.56470805228572,-0.559781171879711,-0.551578979963156,-0.549242959834246,-0.547631975860995,-0.549561635138302,-0.547758832072877,-0.560591338018314,-0.565704892125319,-0.560386500753654,-0.558373559699692,-0.564309953334,-0.554172255536933,-0.552111166252495,-0.54677081665011,-0.539856653931937,-0.54861997953697,-0.544064124912332,-0.549266984224352,-0.544584236797688,-0.545212323498486,-0.576770871593333,-0.580584898079666,-0.576982105736454,-0.575174411440825,-0.576454672106838,-0.559947260065494,-0.561108060561181,-0.559749523635884,-0.546465449930704,-0.560273818592878,-0.561793038972019,-0.556417109295253,-0.556684573094589,-0.55630785624138,-0.561919896417444,-0.558155875309141,-0.569726716465487,-0.567040462653673,-0.563365145058799,-0.575637506160352,-0.580918309784285,-0.578737620740573,-0.571686203636721,-0.576143606707199,-0.611010107463425,-0.62664740034725,-0.625307019057406,-0.622997701719111
"29",-0.619643029853298,-0.615899368394564,-0.612884333148901,-0.600113028574309,-0.570860670048418,-0.566918666472721,-0.570747510881079,-0.574056882687312,-0.566068280069616,-0.566457235774968,-0.562927725183264,-0.558179987371621,-0.562529134823571,-0.555516815773604,-0.566245598458991,-0.565014595064526,-0.5595366043113,-0.560361783351097,-0.555551702733712,-0.548139400479979,-0.552901325643285,-0.564282719032433,-0.561840814204028,-0.559109074611168,-0.56336909831492,-0.560328059250793,-0.557686304665451,-0.540055866585843,-0.534519063361849,-0.541872936454186,-0.543592983262275,-0.536068065937227,-0.54095626782932,-0.543575009768294,-0.54544131346076,-0.550358734405183,-0.544852670702446,-0.562396458497599,-0.578111183097314,-0.57621153592998,-0.573678806287557,-0.565246153719135,-0.568516750495105,-0.562455358069708,-0.563009677421689,-0.552442607028079,-0.556227467977448,-0.553386387155912,-0.553560630175791,-0.555772198610669,-0.559680417303543,-0.553273788829081,-0.56412796347332,-0.568181168437989,-0.56735142500193,-0.572519325736545,-0.568249134574437,-0.570974090220544,-0.569579010760364,-0.570080295239912,-0.570260848173894,-0.595504081364149,-0.620989977799951,-0.616382633544823,-0.617240085281938
"30",-0.622479982343985,-0.625101081621452,-0.62518525822024,-0.60881555461083,-0.573979612056624,-0.568151985059275,-0.571894305917079,-0.573189952470576,-0.569943422139026,-0.565529916284675,-0.559114372677237,-0.558399394129165,-0.557303004860463,-0.562047008908463,-0.560609744645145,-0.56534637342907,-0.562296167223271,-0.566508400142593,-0.567602338032694,-0.55860879633569,-0.555244671310998,-0.563689555050017,-0.556668750525594,-0.556168945700618,-0.56146997097652,-0.558102710013447,-0.545405086724236,-0.532576379326982,-0.537500636404393,-0.53593295169051,-0.539701823375444,-0.538067100464008,-0.544093461907184,-0.542043999432526,-0.549151652433471,-0.541788835236301,-0.544600379656192,-0.555937545068904,-0.568668851613383,-0.571122790877846,-0.57517000688901,-0.576330203899339,-0.575769451324766,-0.569879068609313,-0.563014307925531,-0.569933824238387,-0.56343503289166,-0.555845424031787,-0.558348443028183,-0.559598742476874,-0.560065034985349,-0.549824231330998,-0.556423128861309,-0.551909919568448,-0.554252965907235,-0.567661115454201,-0.565795078485897,-0.575428483252914,-0.572938657157164,-0.569406594890029,-0.576664160338948,-0.606229377077332,-0.620757113595,-0.620577258992585,-0.621195979021715
"31",-0.622927988892315,-0.622273085982535,-0.62039562011169,-0.600983046883126,-0.567135056595109,-0.558457380332278,-0.56959731479392,-0.568055001279232,-0.568690830051949,-0.563809301558925,-0.561776435928449,-0.562641415984782,-0.559279619467771,-0.560556481623637,-0.561035753835792,-0.560138444427519,-0.560141337627648,-0.563053487147838,-0.559210440333298,-0.557740179918184,-0.553301232076956,-0.557576059414674,-0.561174363793442,-0.554396886260666,-0.552672127009422,-0.562621282980006,-0.546538153582432,-0.536820614291933,-0.542602677981017,-0.538630060474096,-0.539217758094666,-0.536826002074166,-0.535742954113958,-0.544916153209088,-0.546083161823546,-0.545377660811554,-0.548839120015628,-0.549275600343915,-0.561348971844064,-0.576618669303822,-0.572858816607804,-0.578688536838327,-0.570567814037351,-0.574407917611017,-0.559286802342975,-0.562983013394358,-0.560996289813202,-0.550870046841205,-0.552807368171552,-0.552075819647961,-0.561473267612286,-0.555635043809275,-0.557064061864615,-0.563016706108292,-0.553293384560979,-0.557350075960713,-0.567107579600759,-0.56463990502332,-0.568251022211192,-0.571298222332102,-0.576708978441915,-0.6196285356042,-0.626302100189329,-0.624740075472719,-0.620786076455215
"32",-0.612376033404322,-0.615243568876887,-0.620769078754856,-0.58287075321919,-0.564035114386704,-0.564919177433932,-0.569763265308606,-0.566617347333537,-0.561365061398521,-0.55946976343587,-0.552517009578065,-0.56250242216717,-0.558167341659844,-0.561517757483964,-0.559725901810875,-0.565821761778027,-0.56422103859337,-0.562164389533021,-0.559932610845499,-0.56615245149991,-0.566677253379292,-0.55864484691645,-0.56136611198317,-0.559438097517562,-0.552658581728437,-0.553352336377893,-0.533183240741336,-0.534438085786468,-0.532180163979881,-0.532032832790611,-0.539695441687582,-0.54138581320977,-0.544561619443576,-0.540908873833305,-0.544789647998567,-0.544997540236239,-0.53419550486855,-0.547819110070956,-0.561466918854742,-0.574178133914606,-0.575582894107003,-0.583660813764681,-0.56657315499773,-0.564411795028624,-0.562836945557888,-0.566174742409368,-0.558082145237522,-0.558701645162427,-0.567262927756101,-0.56864208253581,-0.568073175136996,-0.564766609251085,-0.562250579294673,-0.560070791001942,-0.550293204627116,-0.555606531449205,-0.563198278090401,-0.563094407807573,-0.560275094659725,-0.569714479946875,-0.575776717042772,-0.597850574371967,-0.625551805291347,-0.627376817503308,-0.626931857182641
"33",-0.612678214113588,-0.612226537049613,-0.613069654821218,-0.592486886887592,-0.564938328663831,-0.563654239640451,-0.56411466346538,-0.564822479542546,-0.555675319474146,-0.566256084797673,-0.56859587507951,-0.569294947164723,-0.561476543943798,-0.567611726661911,-0.561822727888805,-0.560210749048897,-0.560657520848111,-0.560483679670631,-0.564675301866306,-0.566726836663875,-0.568362886231719,-0.559421364257962,-0.556599937228001,-0.563078976992941,-0.552152118226275,-0.547331464950941,-0.538698260705906,-0.534222497431497,-0.541865143764509,-0.535279380336692,-0.538766957115703,-0.532958817473721,-0.536557837371233,-0.533825013639173,-0.542551295443947,-0.550163120944572,-0.53615372515296,-0.547152379672821,-0.558585144689106,-0.568047742988184,-0.572539264321875,-0.563069546283913,-0.572741938401744,-0.565193335802927,-0.555772634213258,-0.566951836594668,-0.559581468228094,-0.558124968998024,-0.563702820568841,-0.565263169673937,-0.55889869898427,-0.562684511947188,-0.570329036395942,-0.562271054456444,-0.563723423486229,-0.562474587838735,-0.563426643618953,-0.56663969872034,-0.558792500857609,-0.560020536002399,-0.565402812713459,-0.588663801785616,-0.619524919065467,-0.618932792879963,-0.620992361402059
"34",-0.619246524584588,-0.619155022751214,-0.620421271064216,-0.597479306980564,-0.565887478927641,-0.566378864556941,-0.564706600244304,-0.564499583515869,-0.563031487664765,-0.569080021545254,-0.5739015613266,-0.568882346851398,-0.569538289123412,-0.569577012476962,-0.569935540151202,-0.56695913130492,-0.561657097838972,-0.567439464857301,-0.572523674567208,-0.56424246045448,-0.571419152184011,-0.558901936728102,-0.5457098233785,-0.557686078405143,-0.562214216761979,-0.554366982077468,-0.546101351338477,-0.526889174431168,-0.531934485319008,-0.529199921553557,-0.530815902787122,-0.533724163321015,-0.540893762896471,-0.539553277824809,-0.540520372570491,-0.538715571339229,-0.540076490920237,-0.54094786127009,-0.538699235070002,-0.564247452504755,-0.578616182921092,-0.569290216559483,-0.567749243068674,-0.572341955940916,-0.568413083370512,-0.574011869718816,-0.56822021940691,-0.56136239318343,-0.56608672250824,-0.571189956448921,-0.562951002483028,-0.56589522154841,-0.566698224952014,-0.570706991724951,-0.570094823566071,-0.559674579614712,-0.564437334198438,-0.562936900652107,-0.563829275932502,-0.564109386283537,-0.568841306559512,-0.591367027502725,-0.617023955313051,-0.620343657969174,-0.617133532211669
"35",-0.621694501882023,-0.617512417556787,-0.612777239481518,-0.602133751031994,-0.568139559375261,-0.56043784552686,-0.554333145556046,-0.557058466523144,-0.5655291443258,-0.575117268616983,-0.572438765022935,-0.570500007084682,-0.570292292404153,-0.569007770225917,-0.573097628789942,-0.571874855545593,-0.569172367276168,-0.569280167962594,-0.573214906307931,-0.568744109189952,-0.570853540692898,-0.55913110080886,-0.546042558478307,-0.559167427363476,-0.552263377095715,-0.554043563616091,-0.540552218913182,-0.534476417376202,-0.537933052315901,-0.535575429860527,-0.531500690137056,-0.532865391261311,-0.530293419337572,-0.533301068647348,-0.531631365104053,-0.540851066862837,-0.541721778613025,-0.552403115349097,-0.557237970496137,-0.569103609917459,-0.568830079160735,-0.572706088922918,-0.572812261310647,-0.579084187387686,-0.579377977857735,-0.573422657438665,-0.576446146056216,-0.566907374534849,-0.568231750118238,-0.559703939898596,-0.560494506728755,-0.565089781977572,-0.571066697654264,-0.568808162662657,-0.572673412861875,-0.570987825562138,-0.558738381794796,-0.550332361244058,-0.552498607456474,-0.560271933056684,-0.565295736900463,-0.591328742417194,-0.612604577508189,-0.613936158410421,-0.6219120617541
"36",-0.618149220220133,-0.61810455768105,-0.618176236476635,-0.600187237058745,-0.571358036317518,-0.561699079135464,-0.560527900220759,-0.562346875775291,-0.56213437513625,-0.56944151280913,-0.573670315208068,-0.571260718272917,-0.573434923438377,-0.574734457432781,-0.573225155904545,-0.568127122623505,-0.572406656495196,-0.571972745139615,-0.573261764219812,-0.567924798736077,-0.563520026952654,-0.55969749096557,-0.55883195625025,-0.55853267772718,-0.549100130611431,-0.542224309770941,-0.540819641989614,-0.537896176122506,-0.527633020092022,-0.529546404394661,-0.538179317427485,-0.538556412567887,-0.545108182682568,-0.529777493828693,-0.540120997120921,-0.537811327426978,-0.539033856279311,-0.536630231123944,-0.55230146652652,-0.566312684160606,-0.569224755996984,-0.571723755592472,-0.568527305285459,-0.575501882105552,-0.580382812993648,-0.573605438228098,-0.572798455550672,-0.57258104612928,-0.568007487186897,-0.570884115769011,-0.562320544627228,-0.567801538210411,-0.562232689283214,-0.571321805951679,-0.569622593727762,-0.566504036405422,-0.559391763781713,-0.553280561022504,-0.554905474066875,-0.56718391788008,-0.569132466609467,-0.592945960603137,-0.622896105425523,-0.621315560556954,-0.62275324449856
"37",-0.611998399771259,-0.61159390666824,-0.612467541936727,-0.584240020246541,-0.552231519229024,-0.559680286362157,-0.562901624700413,-0.563779519106047,-0.560682461552478,-0.562113733455861,-0.55604821039244,-0.561605070828175,-0.570024903535411,-0.571453518465173,-0.56800078482733,-0.565691539315872,-0.567016314075923,-0.565335783272839,-0.569190223022676,-0.571120310201561,-0.567858202096005,-0.563874954093549,-0.55567819414931,-0.549724563915735,-0.559469155212328,-0.550566930090486,-0.559145019780346,-0.54590644359154,-0.526576654362253,-0.523192446305325,-0.530255643583872,-0.530473585428086,-0.53467529381546,-0.529649734508476,-0.538479793471314,-0.537085628205189,-0.534629264542564,-0.537139425210486,-0.560797129616484,-0.569036625277255,-0.563607571785786,-0.567279841444861,-0.571970862025606,-0.577173459863764,-0.580179320664742,-0.571120520497235,-0.575413173326263,-0.574115183878756,-0.573574048137348,-0.566659672773594,-0.565896807435229,-0.570986459015347,-0.571469089055678,-0.570284562572113,-0.571010249508217,-0.564704164830315,-0.553900399531231,-0.546932069447937,-0.552366314646782,-0.564044781264341,-0.579926228445794,-0.606520522661893,-0.617235804533379,-0.615664651739967,-0.618257690748867
"38",-0.620278968777497,-0.61950795593317,-0.617421639027566,-0.607817521137677,-0.577871819034844,-0.561425217294751,-0.558477763395101,-0.557860231564712,-0.55608307758331,-0.560394640899351,-0.560339464459212,-0.567942575426091,-0.566480645080718,-0.570419900963274,-0.568776220335263,-0.565612466929627,-0.565728121040135,-0.566767009750391,-0.568304697983955,-0.570617219990277,-0.569461785177502,-0.56765755922919,-0.554569630166326,-0.55579089607346,-0.558985403703923,-0.558585095887396,-0.558980432423652,-0.550742273516839,-0.52594118141395,-0.519862738634161,-0.535698152953426,-0.530014861929127,-0.523990497304303,-0.537852776238343,-0.529635329699931,-0.541476524034582,-0.55139548122278,-0.557632996253221,-0.560103662290193,-0.564875653708689,-0.562817458721521,-0.572620833048898,-0.56524104412222,-0.570256919524458,-0.577424278077645,-0.574554994877148,-0.570903375561446,-0.573445527310866,-0.579686645711642,-0.570319328339908,-0.569876498174017,-0.561671181210455,-0.570845828733029,-0.570212755013817,-0.570993080087948,-0.569529456365217,-0.554499289870727,-0.553976707220777,-0.563917482556572,-0.57120471059694,-0.594042257240254,-0.620274780977972,-0.625718834204491,-0.626580921829675,-0.625902667902065
"39",-0.613036325334325,-0.616902813327422,-0.614293265083097,-0.604667456686693,-0.572812225193356,-0.556016265025088,-0.555177973707639,-0.54989537004371,-0.55159070756488,-0.552214227563739,-0.565157060818741,-0.569200772527932,-0.57090629756758,-0.571622539015543,-0.573054650289049,-0.568353949532607,-0.570712683648682,-0.570853568036312,-0.572993330043011,-0.568022320186411,-0.571824097109849,-0.570116230363999,-0.559396760261583,-0.562393123873487,-0.553545529511169,-0.552972144889801,-0.552786933591663,-0.555912311341836,-0.555260644857665,-0.541739202446421,-0.540601099371338,-0.5326691824284,-0.543777450858417,-0.55027118043842,-0.543006015066018,-0.551610086952519,-0.564071461940704,-0.56897064956864,-0.564170610147779,-0.555739083076051,-0.564544145445378,-0.565702973478533,-0.566685637823023,-0.578595990503405,-0.587047179186992,-0.583403517077722,-0.57852168265643,-0.580713977238601,-0.570358482399298,-0.578042259247274,-0.575126285645927,-0.566811939080429,-0.570490740549432,-0.564041246538913,-0.570638671378927,-0.56130429500948,-0.553289125403584,-0.556473925654157,-0.567455772787851,-0.5695423215172,-0.603143438622532,-0.622780682181896,-0.622327233827025,-0.623539456858077,-0.620083907009637
"40",-0.615495873502517,-0.610546903572092,-0.609584396302937,-0.609102209711391,-0.586426419855398,-0.56227452601173,-0.556391479452205,-0.555287569899211,-0.553657435287357,-0.55286317309465,-0.561771717950421,-0.562771843722543,-0.571690426650102,-0.571022476097259,-0.565120920024634,-0.569157809751967,-0.569162124553423,-0.568364844552333,-0.570855985126408,-0.560560935657427,-0.567618392312625,-0.566237128812704,-0.557220521642721,-0.562280221610501,-0.557091476758052,-0.562967661315717,-0.556700182347544,-0.558706063490751,-0.543479045156507,-0.555943340548377,-0.556707824204275,-0.546014653211759,-0.559372280829478,-0.553759147814222,-0.554377869593114,-0.549226115532353,-0.55496802392379,-0.558894309012974,-0.566548901309531,-0.566489322649867,-0.565338541013947,-0.561654836496262,-0.570722232155614,-0.577711299922506,-0.588491211827234,-0.58380293009857,-0.581854316945226,-0.580966849369046,-0.579465519994064,-0.578499162306234,-0.571065277946436,-0.575105465250473,-0.574038903745776,-0.578975158913243,-0.573163687853721,-0.561637726300178,-0.554661377886586,-0.567080242252488,-0.571553335196461,-0.574641315983752,-0.61192547966777,-0.627378419036817,-0.627432579235103,-0.625677226947319,-0.625246454411787
"41",-0.609814360216372,-0.605853125683708,-0.612015991550043,-0.606286977625832,-0.579040410813247,-0.55934632804964,-0.557647328472045,-0.553207506985787,-0.54868043730715,-0.55492610969668,-0.564116487958061,-0.574491646919321,-0.574408398842076,-0.57363200029825,-0.570871041431754,-0.571825099114191,-0.570806593436161,-0.566814401925862,-0.568227726864138,-0.563081163641844,-0.565094098746219,-0.55698947373187,-0.558385762943569,-0.555588675361086,-0.561022254654326,-0.554453633899053,-0.561102531253243,-0.562287332298952,-0.546548491916987,-0.566409745080393,-0.55607805936324,-0.551212018013434,-0.568023597060839,-0.559491739380785,-0.553182770281187,-0.564776734447532,-0.562148027748525,-0.555542676335512,-0.553073557583422,-0.557542063989326,-0.571052403960649,-0.564849530247298,-0.566959452811553,-0.575236720250283,-0.582779994280422,-0.585189848249072,-0.585272243333917,-0.581681182390824,-0.580448997693591,-0.581399602296507,-0.57475642538931,-0.5796943174075,-0.577980623648052,-0.573243655962011,-0.566252801762584,-0.566935719918822,-0.562310837573835,-0.559204657930873,-0.565092301000188,-0.576806133700044,-0.617073670178633,-0.623963836785758,-0.622734554346634,-0.619763192953225,-0.621796412219946
"42",-0.611155937477929,-0.612473209023753,-0.607512799395844,-0.609248965730513,-0.610126947664064,-0.584653118620959,-0.55912512279453,-0.556019395620195,-0.559203792052479,-0.561605685413377,-0.560714209183187,-0.572493344389041,-0.575219268011596,-0.574633431845802,-0.569668274187276,-0.571038335598,-0.574381592640018,-0.569955718283918,-0.566195701047285,-0.559475489018889,-0.560669802044996,-0.567389929514445,-0.558300497370095,-0.555790584978092,-0.558118963216835,-0.556724229650864,-0.565967641439599,-0.564450449105812,-0.553435667271232,-0.565601197704884,-0.558089287325378,-0.553022448799399,-0.567012307304827,-0.565358082393752,-0.564230617682618,-0.564481696267015,-0.563930022739114,-0.564638003304791,-0.556360511654468,-0.570884970982462,-0.5731078425619,-0.57285437975579,-0.566508519643301,-0.575285839011397,-0.584674079073093,-0.586473614506248,-0.584961968157105,-0.587591072401004,-0.581212703103108,-0.583348462775851,-0.583283071588449,-0.582644604209336,-0.58096814276643,-0.57859927922972,-0.566459668564597,-0.564338171979033,-0.564392179756959,-0.563266075708193,-0.559168342372156,-0.581933950231011,-0.608525103453078,-0.620555225643798,-0.623409481008867,-0.621580317240408,-0.620182984736046
"43",-0.61245908775165,-0.609872100901898,-0.614267299864475,-0.613462383473041,-0.615955980587091,-0.595923830110111,-0.559507144735431,-0.554514222887494,-0.563663712038839,-0.565649932507987,-0.563704156147424,-0.566080676171472,-0.570658223528874,-0.568908114993024,-0.564366973148971,-0.566292521093925,-0.569210321378823,-0.56505822025119,-0.567417279111607,-0.561093389991744,-0.568024503573056,-0.562661920240511,-0.559977172787322,-0.557773247377292,-0.556575403794978,-0.555417626471903,-0.55701259764693,-0.565000615045806,-0.561621781899022,-0.566349808949588,-0.557707398331185,-0.556260108145179,-0.558985147597988,-0.558414456263541,-0.555334518512462,-0.547516573880614,-0.555973974136846,-0.549802870222494,-0.562083406088809,-0.578050068741021,-0.57190765382355,-0.580783941925233,-0.576646940488985,-0.574123580518334,-0.583424279606978,-0.583305471809588,-0.585098932941452,-0.584833811237208,-0.581635118728835,-0.580055675016756,-0.579879538271683,-0.58238758418856,-0.581007873159023,-0.575623626431862,-0.570000518122755,-0.564920892996255,-0.559223225339029,-0.561518969439328,-0.557148899388569,-0.597553303612301,-0.612305825454432,-0.61793837053091,-0.613292383357662,-0.618480800217477,-0.621870837196444
"44",-0.612806542595862,-0.615695165126313,-0.616797338249023,-0.613142051873865,-0.614142257106237,-0.60177861112026,-0.568040774026411,-0.561536600880587,-0.570865675717474,-0.567892096051406,-0.562520797599142,-0.569593094487924,-0.569326597002636,-0.568003700697915,-0.565262798291497,-0.560611977067644,-0.567431470323824,-0.563275565767494,-0.562203482919632,-0.563256199828143,-0.562227492336088,-0.553885116859143,-0.561738486839034,-0.54385452778927,-0.556432377006061,-0.560015421066639,-0.563097287880937,-0.566966432759016,-0.569159093233467,-0.573101093989562,-0.574366984206722,-0.569431559629464,-0.563083807931427,-0.55739015141735,-0.568531532820895,-0.564374714936583,-0.559713042573189,-0.557857484902322,-0.571053254288975,-0.574484934962148,-0.572650246873241,-0.581246484390293,-0.572623157573948,-0.574591916594028,-0.577390745289708,-0.576296399163295,-0.582239932189369,-0.578014161327876,-0.578765295440694,-0.578823168079018,-0.574644624552183,-0.573433714973828,-0.572674715556604,-0.567456277236218,-0.567003813287371,-0.570616104305006,-0.560139978293759,-0.56118605643449,-0.573506212332531,-0.607916972241535,-0.620158485700214,-0.620034094054025,-0.624214261739619,-0.618887317272764,-0.620110814356286
"45",-0.609969798184511,-0.614079413107161,-0.612713266885704,-0.617297040928124,-0.616026532244288,-0.613139632077608,-0.574895201871145,-0.563467666127972,-0.561382625102393,-0.559760846999991,-0.561807168403891,-0.568800266389642,-0.567492693914252,-0.566622926953117,-0.553664900848507,-0.557767581697595,-0.559077035136177,-0.561325553260667,-0.557277354329117,-0.559855763615611,-0.560338772817933,-0.55690406855768,-0.552443976745233,-0.550091709702146,-0.55481987319231,-0.562814748140361,-0.565486392657658,-0.561027530822406,-0.561152004941449,-0.559504285882782,-0.559346510712392,-0.558978170315727,-0.562277921905805,-0.561994827356241,-0.559087511552938,-0.562181684148137,-0.557991878341308,-0.554573646762456,-0.56751328187441,-0.571167075010243,-0.569858632937483,-0.581552589511971,-0.574731881352536,-0.571505390654935,-0.577531097012316,-0.573482962676601,-0.570772763747828,-0.577314698069032,-0.580060118133724,-0.569873071859782,-0.573833400992516,-0.569570389778741,-0.576949166076553,-0.565767543793496,-0.556596214189767,-0.564912116448686,-0.570140444367226,-0.564873213691573,-0.597859947194972,-0.614308344933117,-0.620979178254975,-0.618848901408443,-0.620159054054522,-0.625245051943497,-0.620659647258377
"46",-0.616794778882108,-0.618153076296284,-0.616029584241647,-0.61463016461505,-0.61918984809868,-0.616507260066476,-0.595864613375453,-0.574637693056115,-0.559525059777748,-0.565873919001497,-0.565393277462472,-0.568871947059177,-0.566652204266952,-0.561247302016253,-0.560411822133431,-0.558056662594976,-0.557817919891029,-0.562712266690401,-0.565350596881927,-0.55881439772271,-0.557051534623138,-0.558580296749598,-0.55670412229348,-0.562499429748328,-0.560407690105274,-0.567366359619204,-0.567273795396199,-0.562162894040261,-0.561691446856585,-0.560103110096386,-0.555899579364619,-0.555985538623677,-0.564410984640853,-0.561678356550815,-0.555700130978019,-0.561950006607312,-0.553900974475998,-0.561458886217451,-0.564328133341575,-0.567752244583426,-0.568028400051328,-0.564559267208543,-0.575344715257591,-0.572980524184319,-0.566447889957596,-0.572338295468589,-0.573027441565764,-0.575427461773076,-0.564938465063375,-0.571905618838073,-0.570778035654595,-0.566439168296441,-0.564429026702916,-0.556235932632413,-0.55406282508891,-0.573040779859833,-0.575857514623751,-0.584962612280641,-0.610513708878861,-0.620973962309438,-0.622214494487758,-0.628508510488969,-0.627674170204034,-0.626212641948662,-0.624134789422641
"47",-0.623292972603377,-0.622819634472818,-0.61886416395592,-0.624355362966471,-0.625702179502925,-0.624665180704556,-0.618457540793639,-0.59217537078746,-0.566122648679294,-0.568289540531578,-0.564949282455575,-0.561980621716987,-0.563671767494946,-0.561142661931437,-0.557561673589821,-0.56297053109867,-0.565871411987915,-0.561075189932861,-0.555849537600922,-0.562676567766081,-0.560757888046605,-0.555405388012626,-0.565158758067691,-0.567094813949775,-0.565366253959068,-0.568240228563718,-0.562805868528426,-0.561921911269743,-0.565107743673211,-0.559283064729378,-0.554147835531866,-0.563485962062467,-0.567672187653994,-0.566637088663693,-0.561424165626255,-0.561237179199726,-0.558452950850023,-0.561134664258402,-0.563596169035993,-0.558921690013328,-0.564849812847315,-0.564937355850913,-0.56800565629501,-0.567193546002037,-0.57256869778429,-0.568718144282721,-0.572275407792908,-0.571563467196921,-0.569336027404329,-0.5703943341376,-0.567733938491307,-0.56334556783784,-0.559638886557181,-0.557720110378835,-0.562035566843415,-0.569433586660976,-0.579316049244833,-0.599407367989157,-0.620298026388577,-0.626049787125584,-0.624595020122984,-0.624685781272424,-0.618996728190468,-0.623082458339118,-0.624057786777879
"48",-0.623645027980839,-0.620178186666102,-0.625896009922773,-0.629015119276718,-0.621162048166221,-0.625995254695383,-0.621904267788581,-0.607594351602566,-0.586672398046075,-0.572363781608379,-0.5660716111758,-0.5575636574564,-0.556042208733834,-0.556590602416817,-0.556936509887924,-0.556351942109465,-0.564681480889867,-0.564918251786239,-0.564462001609436,-0.562755085328678,-0.55734833884646,-0.564655662552932,-0.560048588755081,-0.566240790352358,-0.572261917469626,-0.56748632436175,-0.561974942945795,-0.556987615592734,-0.557892826393935,-0.565338897051399,-0.556658811375183,-0.555370698029692,-0.556426339567613,-0.559405952195758,-0.555026481714967,-0.555759854324667,-0.556534498827629,-0.550749051723028,-0.563173895475325,-0.55806940889332,-0.567974282746768,-0.569820177092272,-0.566480350613191,-0.569377058401269,-0.572415705712407,-0.571694478916451,-0.572625718632032,-0.569878188999929,-0.574386248298174,-0.570462578916914,-0.569990095945216,-0.561877489426736,-0.549215634523654,-0.550498287021498,-0.561925626918885,-0.572352415376802,-0.56756691304857,-0.603381075137322,-0.626793120892472,-0.625962648571503,-0.62151739011834,-0.621409622813018,-0.623336620917953,-0.624525357788284,-0.624619117247974
"49",-0.617913870057246,-0.619387850575927,-0.623738791135813,-0.621630956237908,-0.623797926508255,-0.628352790126989,-0.621487642308567,-0.622602140661225,-0.609783390820763,-0.576823248047985,-0.567408534708328,-0.563717040949026,-0.563581528898785,-0.560349706941612,-0.560115359625189,-0.564101695322757,-0.564684033683861,-0.562920776237147,-0.564652773670478,-0.565663040231191,-0.560846416077328,-0.56626019067681,-0.563544421671564,-0.56584162471418,-0.564256050666624,-0.563094548806736,-0.568428121856766,-0.556607217784327,-0.563082117761462,-0.560319539694667,-0.560115631141305,-0.558390460806431,-0.553363218668998,-0.560256278691125,-0.558286245854914,-0.555638232194934,-0.557769361155955,-0.553965967984547,-0.561599507974846,-0.560979000303153,-0.566679097829765,-0.565554830691148,-0.56775739631161,-0.570658744580258,-0.567537408391519,-0.571482542162317,-0.573926854211931,-0.56486223550635,-0.564440265226873,-0.562288411669325,-0.555074875544362,-0.564044499401165,-0.561067314916155,-0.557127027261492,-0.558736644523959,-0.567594733398852,-0.580682013474521,-0.609589993021657,-0.615965700192656,-0.617037580996008,-0.622716427712875,-0.621082006814558,-0.621036292298002,-0.616873915006658,-0.618650616965264
"50",-0.621092092925867,-0.627215797950704,-0.626518235537376,-0.626710827852726,-0.622383016359193,-0.624214427219871,-0.620846539117824,-0.625468851342602,-0.623764882449863,-0.604776678087477,-0.57359157309631,-0.572660726205811,-0.562310277978181,-0.561172422072338,-0.565613023456194,-0.57355237435249,-0.566007566197611,-0.568917032930921,-0.56154103836851,-0.569093432294448,-0.567349473076397,-0.564760369916673,-0.559902587312971,-0.571933545166861,-0.55572148679759,-0.561106825594533,-0.555361468225213,-0.555799154660336,-0.567177332980741,-0.561364150408711,-0.569679369417793,-0.559094304066599,-0.56254886080931,-0.563824840431044,-0.558960299949585,-0.555293787302007,-0.560510209561961,-0.568330573693803,-0.561014640063611,-0.560814739661179,-0.565819287899009,-0.567793870051104,-0.566982882635053,-0.56766945742902,-0.568098764001087,-0.563769827310302,-0.567497893985958,-0.561635800679997,-0.560535798523014,-0.555657587645758,-0.551317784230791,-0.561843183842434,-0.562636684778719,-0.562446772210454,-0.565598926210723,-0.58719677039863,-0.608580638492203,-0.62055488478489,-0.619780391735861,-0.614849190446618,-0.613579277301107,-0.614709570562717,-0.616413042431928,-0.618302439103011,-0.617205962166235
"51",-0.624181296724225,-0.62461175400306,-0.626085608304821,-0.624202578627869,-0.621605665441237,-0.627919692754522,-0.623700993215961,-0.623757207077195,-0.627771751215194,-0.607998678349679,-0.584365487065251,-0.565369894144722,-0.564414012229662,-0.565474528739438,-0.574105271464081,-0.580330551214479,-0.575668924490656,-0.569403640282955,-0.563014444766913,-0.56824962971888,-0.573259710351587,-0.565774165090546,-0.56709216228968,-0.567919259424889,-0.561675901895066,-0.569999905655798,-0.560306644303505,-0.564484728431054,-0.564002094488285,-0.565785721968222,-0.560625756589282,-0.55720432256034,-0.562436307155526,-0.561697260577503,-0.554178088362553,-0.562620048851923,-0.562755534744421,-0.558197216336201,-0.566247372587707,-0.570777048897493,-0.565531838788504,-0.565511646184628,-0.56756264116687,-0.564341523155092,-0.561550498295728,-0.565524626950461,-0.565016858153049,-0.555722862312473,-0.555304586077735,-0.5572207801627,-0.556990194592074,-0.555269038564244,-0.562516272427285,-0.554306769503837,-0.571588587580964,-0.594276981339392,-0.619624075555743,-0.612948362824161,-0.61606229239599,-0.614341454800647,-0.614354677348884,-0.615669958156536,-0.617090486465155,-0.617321596062479,-0.617049179355053
"52",-0.627252640589676,-0.627255751681519,-0.627883863377313,-0.616210082566865,-0.62593691466366,-0.626537412774674,-0.621395576861731,-0.623119264175687,-0.619286237219257,-0.610514856493224,-0.598836609085663,-0.574890530168474,-0.563384517158923,-0.566330820393839,-0.574009113118267,-0.579663187375656,-0.573288041071156,-0.564508333867839,-0.567508558696334,-0.569362979905366,-0.569641786349285,-0.565118252326801,-0.568584521576631,-0.556099490574546,-0.563483868218383,-0.564142008080826,-0.562476187100579,-0.566978816488267,-0.565901630193861,-0.565945674051784,-0.564653173046232,-0.5645283166016,-0.564994089264867,-0.565768140718632,-0.567865469243702,-0.559878976318591,-0.556859368386975,-0.567029668137407,-0.561183169762319,-0.568249316494383,-0.565924426150318,-0.570642786863819,-0.56883238869374,-0.565245576570382,-0.567365510635249,-0.57304308507717,-0.564319286358924,-0.558838657692175,-0.553299670554326,-0.551686114749895,-0.557999840815722,-0.560489324642203,-0.559977123382643,-0.565349863051054,-0.591127129404046,-0.60935566974782,-0.613519373776808,-0.618093719281455,-0.616822762662487,-0.619845853426729,-0.611761789253507,-0.619639916372568,-0.616037381217152,-0.620740171676455,-0.617931127148631
"53",-0.623464751232283,-0.621929363292332,-0.617940648066688,-0.617928608736016,-0.623911580527616,-0.621022971835991,-0.617551694171573,-0.619208731227109,-0.618070202485851,-0.619030392612344,-0.617676440841889,-0.598432456708159,-0.57680986424671,-0.563355733322522,-0.566914537926826,-0.569758299141877,-0.571090056104596,-0.563861221694059,-0.562921905530605,-0.557434308208816,-0.576601054843794,-0.576414947684129,-0.576954361582924,-0.564510337576324,-0.56703958206487,-0.567968611749961,-0.564500059641481,-0.56831939983832,-0.570954132610228,-0.567339432015937,-0.563342276360082,-0.559746140394651,-0.566423031303786,-0.555300987266065,-0.558519710409065,-0.55796110550478,-0.55892868347191,-0.568711974548223,-0.568682153492915,-0.569201553265945,-0.570975030702142,-0.571716591074449,-0.565743219449416,-0.568784980563853,-0.566689726161117,-0.568662051487268,-0.567450304320855,-0.559272036683328,-0.548516384022103,-0.549564693290136,-0.547113088806188,-0.556651108934129,-0.573288686091299,-0.596176512560998,-0.606076548186445,-0.607370522640376,-0.612286096755711,-0.616402177304032,-0.614470829486817,-0.620435534556237,-0.61599544003436,-0.615105949859411,-0.612715701561006,-0.615023900098575,-0.619571796731965
"54",-0.623247348487079,-0.622777615374309,-0.619014546849893,-0.625298432952619,-0.62473916923572,-0.621369672114629,-0.623008506591765,-0.621528458460802,-0.620710289056644,-0.618823993379169,-0.621416308855732,-0.617429382624551,-0.604361509735448,-0.577426537737367,-0.567811442832123,-0.570250775330305,-0.567137049801004,-0.557711534374117,-0.561380234406963,-0.55110413238557,-0.57495447646663,-0.577383817712862,-0.575945578020819,-0.568423752185754,-0.56613915203874,-0.567035904066702,-0.564753109082701,-0.565682089144602,-0.570762705466465,-0.567506686775013,-0.570903715377892,-0.568610616842711,-0.552260110031161,-0.560126263758553,-0.556164876380017,-0.555007498740903,-0.562371091739479,-0.560825961461123,-0.565780797209442,-0.565871670163366,-0.565309169950617,-0.570884089530995,-0.567448236125908,-0.566194332596956,-0.567314641371267,-0.569057284212685,-0.568319766314103,-0.564581878207929,-0.562396768660784,-0.55807127278034,-0.545301562990127,-0.55497991526654,-0.585722878245143,-0.608173185617213,-0.609357009591146,-0.61055155599568,-0.608255979152111,-0.610934331301711,-0.613744925101363,-0.611996545130151,-0.616359547035938,-0.61595725885242,-0.617121688765945,-0.614305836258083,-0.617097682382153
"55",-0.623166057922718,-0.62946490715123,-0.627569817444797,-0.62394212339038,-0.629251603645556,-0.627754736497414,-0.625414578259649,-0.626283753031422,-0.622246011578633,-0.621688322197802,-0.623750940096202,-0.62049998524024,-0.614533486808355,-0.603179491026982,-0.582283328071247,-0.569710698655241,-0.570824914667636,-0.566455155839805,-0.565749323381024,-0.548241589509297,-0.57352728864784,-0.577409761187367,-0.571373188113487,-0.571199756615868,-0.562086551667446,-0.555449158674286,-0.562986911079082,-0.564775758756289,-0.568529983879091,-0.567096062317529,-0.567171431013514,-0.565424323713662,-0.557839520562129,-0.552684078323561,-0.550357140794775,-0.552313604126548,-0.556018676231915,-0.558580419089997,-0.562715011566507,-0.568895386978279,-0.562965470594586,-0.557146562075202,-0.565932423742161,-0.570755594835762,-0.570096948068328,-0.566020798893235,-0.567348930677928,-0.564366628230626,-0.566595668054083,-0.564406729198506,-0.577191113984517,-0.590523924851144,-0.597305176484259,-0.612907971422795,-0.615358066318537,-0.613885121026739,-0.613545364667603,-0.617547124769,-0.614336622048149,-0.616814923428021,-0.616110379555146,-0.615181637774453,-0.614316572220366,-0.6129373822674,-0.619004041859967
"56",-0.629613051344783,-0.624379235994875,-0.623020969862918,-0.624044989003219,-0.629135783639564,-0.623247331645215,-0.620714987906991,-0.623399509052089,-0.623337027299101,-0.621679463319056,-0.624178375120698,-0.620799217684913,-0.621913921342819,-0.627873639250748,-0.605912751291143,-0.593426559987506,-0.573427128043961,-0.571585955305629,-0.578688248100258,-0.566219405569274,-0.56947662516466,-0.565568392140943,-0.56089749103104,-0.55817643808768,-0.554041713701344,-0.55753659512063,-0.5605097113632,-0.562793970307301,-0.567275385778742,-0.57112103787422,-0.562323250909611,-0.563825147892376,-0.560936183357703,-0.555822805912434,-0.562371767015356,-0.559784235161934,-0.563493187516225,-0.562183977178626,-0.555232197331337,-0.560961067951911,-0.556813593813772,-0.551899814849647,-0.563280000507518,-0.564221822159436,-0.564322311138839,-0.565558420213871,-0.568067839878738,-0.565340457774925,-0.571088086304049,-0.59822453054041,-0.606715469931113,-0.612385523893325,-0.607849204848252,-0.607834245700222,-0.609339539325247,-0.609002495802437,-0.611926870131376,-0.613065404780411,-0.611820266926647,-0.615757044026208,-0.614223056252349,-0.615455280939115,-0.615577492721449,-0.612302690488145,-0.610897389453484
"57",-0.629311438104356,-0.622805840240805,-0.626416531482457,-0.625665194579605,-0.625028146503165,-0.620886720798481,-0.620318911249112,-0.62334596532965,-0.620408406567935,-0.617126204445415,-0.619819668401276,-0.618213592856526,-0.623467735231246,-0.626048068425533,-0.623427232282911,-0.615564969682966,-0.591694370903413,-0.571345535108216,-0.57523202718472,-0.572881181244708,-0.574485064827744,-0.570560136738134,-0.561995062257106,-0.56687229719977,-0.56709829861011,-0.556732877122663,-0.552783072289337,-0.559617484735576,-0.562279167729097,-0.556882393300732,-0.561303236647605,-0.563524721961813,-0.555543682160627,-0.56190070808621,-0.564212908459146,-0.5557556961035,-0.562690441642037,-0.561536873235133,-0.560126588830126,-0.565198270965326,-0.556891815234934,-0.566496251449995,-0.571091482784061,-0.566971642256425,-0.559404362157194,-0.571890743967035,-0.572353780557306,-0.582639172095928,-0.60751566312747,-0.611265565916118,-0.618752118689239,-0.618416900339089,-0.613416549331169,-0.611058633956898,-0.61352321471663,-0.611422119141029,-0.611910197350035,-0.614933777566169,-0.61073663342971,-0.613911816275218,-0.615898780115874,-0.61336237035346,-0.614727990125391,-0.617725111660597,-0.612484679184319
"58",-0.620070996476586,-0.620643185310999,-0.620580196772054,-0.620928328118723,-0.624537974462721,-0.62104511049679,-0.619448022759761,-0.621662941257147,-0.62102450763988,-0.61971493784426,-0.62068411289315,-0.621327311444943,-0.624587966198688,-0.622471071901274,-0.620146507118351,-0.624528070812172,-0.616372423030844,-0.610830949470763,-0.600849116545433,-0.585081158038613,-0.570248716215366,-0.575922936537169,-0.556889975645401,-0.564887229251252,-0.56266290638694,-0.553320451032164,-0.55917795074437,-0.564603967630823,-0.560364924550283,-0.55385107088636,-0.558615742975281,-0.560030822715183,-0.560296803829471,-0.562894662320758,-0.566476732750894,-0.568047907881175,-0.564713046267859,-0.555567188371173,-0.558459185145526,-0.562381506583169,-0.560864586650369,-0.56550221306714,-0.570874866688324,-0.571375739273052,-0.565492534985216,-0.576133730403144,-0.590817549266791,-0.606803707708932,-0.619972353958835,-0.617297202847391,-0.616672683391998,-0.616622035320199,-0.614170149929866,-0.614242175792731,-0.612041522083264,-0.611148451572782,-0.612664541859289,-0.618943022927067,-0.615989136484208,-0.611241466089436,-0.616333898359344,-0.619986282939921,-0.610877690466644,-0.615237579132225,-0.617374385596575
"59",-0.619454934140752,-0.624692010690809,-0.619825261084711,-0.625680551928452,-0.623132147132928,-0.61667472926834,-0.623143793917559,-0.618743373047529,-0.621792761417022,-0.614006101162063,-0.619870470550294,-0.620419048080737,-0.619879684953523,-0.622440915766158,-0.621738691981909,-0.625321779702453,-0.625604483539499,-0.628976979029045,-0.620285322741084,-0.615094841413798,-0.603960241804829,-0.58608783716515,-0.56762336089723,-0.562240470657645,-0.569409226358139,-0.56227832566248,-0.561552473568147,-0.565760602903532,-0.561978527559301,-0.564940587797224,-0.565595090911462,-0.549760925531292,-0.552587716515838,-0.555081153708541,-0.56053723620034,-0.565548075062223,-0.564470479642545,-0.555638174565331,-0.554423582980646,-0.555087410362426,-0.559970959826534,-0.564228171796313,-0.569525561101805,-0.570874929471863,-0.588792865218831,-0.603372217169902,-0.614242435980625,-0.623502069866066,-0.622741692863402,-0.614997536241663,-0.614603034183226,-0.617803077755852,-0.616063996539436,-0.615501101629225,-0.615027063801796,-0.610830792683106,-0.61415661449326,-0.612980123594957,-0.620559575088802,-0.617459710703402,-0.615752812643074,-0.616125139090667,-0.618452476961931,-0.610113887395653,-0.615665770636614
"60",-0.624571549631357,-0.61910312516119,-0.61734431872962,-0.623241788185959,-0.615652429672318,-0.618943392713008,-0.619330304475401,-0.619069754037827,-0.620464118899274,-0.613607220647702,-0.620587092430687,-0.618857628818009,-0.624791862073337,-0.624819534645079,-0.61941781875133,-0.623640105318366,-0.624753976238335,-0.625165896032603,-0.62628397847826,-0.629077043810316,-0.617883157536846,-0.612696975244401,-0.594164886616172,-0.581587081313595,-0.578096372703324,-0.566613828397943,-0.565273935329123,-0.569176115123192,-0.566069709988177,-0.566515495415693,-0.56422386889161,-0.561271424450039,-0.554412730557504,-0.566256027379608,-0.566332485634048,-0.564218409989022,-0.562457692897005,-0.56393608629967,-0.561543287008762,-0.560460794747664,-0.564113206148141,-0.591115440251384,-0.606232304233356,-0.603199643950286,-0.614919245467284,-0.618673185275492,-0.62184509224894,-0.622220163709907,-0.626197115274269,-0.622484932839902,-0.61849120187502,-0.620441109756977,-0.617916418555078,-0.619549073988614,-0.619083117759427,-0.610301770123363,-0.615113983948397,-0.612030686578008,-0.618367713929521,-0.615078642600886,-0.62079247540048,-0.618601442473375,-0.617948751337842,-0.619181316284988,-0.611136751346833
"61",-0.618563209504117,-0.615832691630407,-0.622590370131828,-0.622464267565577,-0.619314896680774,-0.620924803624391,-0.62098101476206,-0.620273659830836,-0.62018280470706,-0.619121727265176,-0.622449567188771,-0.624617475272346,-0.619247009726251,-0.620168044329324,-0.62024370972415,-0.62804406302857,-0.621901654802989,-0.627218002484434,-0.620275884387597,-0.628373159053878,-0.6193410173287,-0.619977954462975,-0.610257090511657,-0.607082338917508,-0.613305265929966,-0.606731457983951,-0.594540993546646,-0.585230028786898,-0.580664745430771,-0.573937285364887,-0.569868236789691,-0.560256161964753,-0.558862439352545,-0.566363900177941,-0.566767948843471,-0.571712084462627,-0.558246848730545,-0.577724844765266,-0.576646908559517,-0.597265300272452,-0.583488788779588,-0.613316788857517,-0.617583989871473,-0.619342680859974,-0.624313669374449,-0.624027831436926,-0.62026838394929,-0.621695283564926,-0.621063484867387,-0.619210089157826,-0.617126732359296,-0.620091402459256,-0.618587563075363,-0.620797146434719,-0.618621807614546,-0.612255589848403,-0.619317015878331,-0.616530145302782,-0.617159311468052,-0.61729355592961,-0.615244766063913,-0.619579160135457,-0.622864085229036,-0.618965045720002,-0.622830893712135
"62",-0.619500751865846,-0.622184078026791,-0.622128763062954,-0.622435656087593,-0.615213047915365,-0.623229313132316,-0.622337984566563,-0.622361193388479,-0.621939059261628,-0.615295932086756,-0.618409696957709,-0.620387065014385,-0.619131919787759,-0.626090893362752,-0.620409718293378,-0.624281416493274,-0.620081932029717,-0.624736205549874,-0.618693942674942,-0.627024781264847,-0.618322517915879,-0.621597644755394,-0.621465940004545,-0.61341719486176,-0.619005517151823,-0.616226532643227,-0.617233461059262,-0.609812742628511,-0.611381327749624,-0.603668800156859,-0.592984105192759,-0.583579848623957,-0.59324564772869,-0.599319951887066,-0.599204833940238,-0.60456279592431,-0.590774702110018,-0.60984074621098,-0.604136328401649,-0.621505568937318,-0.618168151384368,-0.619216863181385,-0.616209999582502,-0.620627072554592,-0.618584397904885,-0.626524493734939,-0.620931933461389,-0.627772030391266,-0.621083407518841,-0.6210464635825,-0.617597086722593,-0.617316319273642,-0.619474538058518,-0.622179333237998,-0.620371371056361,-0.614134039082157,-0.615125649886544,-0.615103717102719,-0.617817274840875,-0.618855821747289,-0.62172797926843,-0.614495144795537,-0.616608438239978,-0.618676741712541,-0.616082190801757
"63",-0.620404393462744,-0.619535352941581,-0.621970408878715,-0.618698570676583,-0.620806728610441,-0.625749443448168,-0.617753817584148,-0.617534572730424,-0.617986874428773,-0.615079901778222,-0.621625155256927,-0.623764639460383,-0.62029869863196,-0.620584815458973,-0.620006988549525,-0.622696285778705,-0.621784401366248,-0.62051486016339,-0.618896512725261,-0.626831964556621,-0.622047242535161,-0.61975553317262,-0.615392877245857,-0.615332384973703,-0.614271971430272,-0.617553092975787,-0.621302141331655,-0.617838550624142,-0.617617765275153,-0.621105173655943,-0.6204052832941,-0.620287168342703,-0.618737974872385,-0.621544581297474,-0.614729990146767,-0.620090340952796,-0.616787304066248,-0.616707650565337,-0.620571821913544,-0.614029368225597,-0.617390627045723,-0.619131772873803,-0.617224124952222,-0.621426704171555,-0.617388993979468,-0.622910036383764,-0.618494771323922,-0.625856059139534,-0.623270196523619,-0.620325298302289,-0.624300560164386,-0.615709109274236,-0.618572327118352,-0.6245820947287,-0.618952084313493,-0.620859844405343,-0.618820845784023,-0.620201759487219,-0.614427591813775,-0.611459328604153,-0.618169279641817,-0.623094137223192,-0.62074328795063,-0.617606192148168,-0.619590401651268
"64",-0.619781977685853,-0.62138956291712,-0.619983663716168,-0.619422762110876,-0.624156911858265,-0.620078293806561,-0.613306197813759,-0.621621609011234,-0.620299881270991,-0.619507312442491,-0.619519651196525,-0.623354922267962,-0.619474171331826,-0.617407494876287,-0.620828282688487,-0.624639680204814,-0.619239315177492,-0.623856978545194,-0.62054329331444,-0.624224446394816,-0.620003380224975,-0.620528252835159,-0.613106414974767,-0.620066950973112,-0.618160517311376,-0.615348626734101,-0.617610517004959,-0.620229234555747,-0.6206700004353,-0.621877062282863,-0.620659627728979,-0.619364847865134,-0.618277984594934,-0.621448917391467,-0.62130878497655,-0.617600759814093,-0.620376350847265,-0.614530554846511,-0.620475676662846,-0.616929895858076,-0.615884173414597,-0.614945260749152,-0.617268417190717,-0.624736172285017,-0.620779884513139,-0.620371698856303,-0.621119134655256,-0.620269561993617,-0.621535640314666,-0.618579948701705,-0.620999209865341,-0.619804136677407,-0.616666597589799,-0.619472989456211,-0.623611479600874,-0.618136578314854,-0.620397490493365,-0.619249340390127,-0.623883002448071,-0.618300329097728,-0.615753478124517,-0.617432899217739,-0.622635926246084,-0.620785271319673,-0.619556970146902
"65",-0.619397326448017,-0.619133269079327,-0.622261271788369,-0.621545063759106,-0.621862082729429,-0.614802268945532,-0.621587182863856,-0.623430800754084,-0.618453941363025,-0.616998232973655,-0.622099066599732,-0.620436423379098,-0.618169267060336,-0.620245133502638,-0.616849189573897,-0.623901781152279,-0.62242739922997,-0.621154296907681,-0.617684183515403,-0.622512721433699,-0.619453031239713,-0.622150830934102,-0.615963983384586,-0.62102902432598,-0.6197751263157,-0.612548906236791,-0.616184837155872,-0.620410938908632,-0.625189798897055,-0.62065670215138,-0.616913592506427,-0.619449145739544,-0.623444561447502,-0.61817538848457,-0.618837726831135,-0.623474362108102,-0.620919202257564,-0.618513160880422,-0.613053664451834,-0.62067633054827,-0.618003932592635,-0.613126957497594,-0.617442349167982,-0.618820226222795,-0.623996290377696,-0.623219519287507,-0.620131339885209,-0.623029052826481,-0.617899013723742,-0.624026391166526,-0.617617465377829,-0.617222769944653,-0.621801129940726,-0.619827252355905,-0.613378306986122,-0.6194717196194,-0.619366886526397,-0.621205512857849,-0.616649674747961,-0.623136485474658,-0.61941731706978,-0.617898029929724,-0.619186890129058,-0.623618290766125,-0.618435870839371
